curve,f,R1_pred,R2_pred,height,sp1,sp2,arrays,calls,bits_in,bits_1,bits_2,units_1,and2,ext2,checks,cyc1,cyc2,cyc3,cyctot,perf_cycles
td:696,5 -7 -5 5 8 -3 -10,0.005290377610356865,4.352002118463709e-05,100000,5,11,5610832,32378,418492463,2015169,16907,1530166,2853926,557381,16145,18366198,93844932,5230208,131446778,249530722
td:696,5 -7 -5 5 8 -3 -10,0.005290377610356865,5.122353988921673e-06,100000,5,14,5610832,32378,418492463,2015169,2003,1530166,2882882,67093,1933,19200168,91307390,805846,126537178,237989629
td:696,5 -7 -5 5 8 -3 -10,0.005290377610356865,3.2882518296693206e-07,100000,5,18,5610832,32378,418492463,2015169,130,1530166,2886667,4057,129,19359790,89772218,87022,124969658,236590521
td:696,5 -7 -5 5 8 -3 -10,0.005290377610356865,2.5124090137124555e-08,100000,5,22,5610832,32378,418492463,2015169,11,1530166,2886906,467,11,20255228,90646786,24358,128423600,241468120
td:696,5 -7 -5 5 8 -3 -10,0.005290377610356865,2.6157493445827375e-09,100000,5,26,5610832,32378,418492463,2015169,0,1530166,2886928,0,0,20530836,90544946,0,129637200,243093758
td:696,5 -7 -5 5 8 -3 -10,0.0004233621307281584,4.352002118463709e-05,100000,8,11,5610832,32378,418492463,162421,16907,158007,266597,557381,16145,28106064,28334026,4942170,76046730,142927009
td:696,5 -7 -5 5 8 -3 -10,0.0004233621307281584,5.122353988921673e-06,100000,8,14,5610832,32378,418492463,162421,2003,158007,295553,67093,1933,28307388,25046208,771906,69045470,129718661
td:696,5 -7 -5 5 8 -3 -10,0.0004233621307281584,3.2882518296693206e-07,100000,8,18,5610832,32378,418492463,162421,130,158007,299338,4057,129,29018058,24373824,75718,69061228,130006476
td:696,5 -7 -5 5 8 -3 -10,0.0004233621307281584,2.5124090137124555e-08,100000,8,22,5610832,32378,418492463,162421,11,158007,299577,467,11,29559992,24625006,17476,71488948,132996357
td:696,5 -7 -5 5 8 -3 -10,0.0004233621307281584,2.6157493445827375e-09,100000,8,26,5610832,32378,418492463,162421,0,158007,299599,0,0,29796636,24600472,0,71732142,134623011
td:696,5 -7 -5 5 8 -3 -10,4.352002118463709e-05,4.352002118463709e-05,100000,11,11,5610832,32378,418492463,16907,16907,16861,0,557381,16145,39550318,14065018,4939372,73902460,137478174
td:696,5 -7 -5 5 8 -3 -10,4.352002118463709e-05,5.122353988921673e-06,100000,11,14,5610832,32378,418492463,16907,2003,16861,28956,67093,1933,39323090,15827714,792794,71539576,133760855
td:696,5 -7 -5 5 8 -3 -10,4.352002118463709e-05,3.2882518296693206e-07,100000,11,18,5610832,32378,418492463,16907,130,16861,32741,4057,129,40635038,15372416,90618,73142330,136441130
td:696,5 -7 -5 5 8 -3 -10,4.352002118463709e-05,2.5124090137124555e-08,100000,11,22,5610832,32378,418492463,16907,11,16861,32980,467,11,41084954,15644204,29834,75014952,138087497
td:696,5 -7 -5 5 8 -3 -10,4.352002118463709e-05,2.6157493445827375e-09,100000,11,26,5610832,32378,418492463,16907,0,16861,33002,0,0,40689942,14835650,0,73539036,137650363
td:696,5 -7 -5 5 8 -3 -10,5.122353988921673e-06,5.122353988921673e-06,100000,14,14,5610832,32378,418492463,2003,2003,2002,0,67093,1933,52352782,10295824,769406,79573930,149145161
td:696,5 -7 -5 5 8 -3 -10,5.122353988921673e-06,3.2882518296693206e-07,100000,14,18,5610832,32378,418492463,2003,130,2002,3785,4057,129,51044372,15051886,79164,82519246,155146167
td:696,5 -7 -5 5 8 -3 -10,5.122353988921673e-06,2.5124090137124555e-08,100000,14,22,5610832,32378,418492463,2003,11,2002,4024,467,11,53508906,15283252,16972,86444444,159769074
td:696,5 -7 -5 5 8 -3 -10,5.122353988921673e-06,2.6157493445827375e-09,100000,14,26,5610832,32378,418492463,2003,0,2002,4046,0,0,54446624,14511240,0,88057764,163579371
td:696,5 -7 -5 5 8 -3 -10,6.444973586151868e-07,3.2882518296693206e-07,100000,17,18,5610832,32378,418492463,262,130,262,262,4057,129,64951868,16088088,96726,98304804,182791963
td:696,5 -7 -5 5 8 -3 -10,6.444973586151868e-07,2.5124090137124555e-08,100000,17,22,5610832,32378,418492463,262,11,262,501,467,11,66991888,15130316,31156,100930836,188032607
td:696,5 -7 -5 5 8 -3 -10,6.444973586151868e-07,2.6157493445827375e-09,100000,17,26,5610832,32378,418492463,262,0,262,523,0,0,69336376,15347126,0,104197598,192531297
td:696,5 -7 -5 5 8 -3 -10,0.005290377610356865,4.352002118463709e-05,300000,5,11,48717920,218305,3707502286,17622178,145915,13439534,25009214,4792393,139646,155140688,816199838,37395392,1065763540,2025884294
td:696,5 -7 -5 5 8 -3 -10,0.005290377610356865,5.122353988921673e-06,300000,5,14,48717920,218305,3707502286,17622178,17305,13439534,25259600,564667,16614,160418248,800276180,6513400,1036485918,1908885152
td:696,5 -7 -5 5 8 -3 -10,0.005290377610356865,3.2882518296693206e-07,300000,5,18,48717920,218305,3707502286,17622178,1059,13439534,25292082,34658,1044,156109350,772282274,621548,994369326,1880432572
td:696,5 -7 -5 5 8 -3 -10,0.005290377610356865,2.5124090137124555e-08,300000,5,22,48717920,218305,3707502286,17622178,72,13439534,25294073,2631,71,168574434,795997680,200042,1029599132,1942046538
td:696,5 -7 -5 5 8 -3 -10,0.005290377610356865,2.6157493445827375e-09,300000,5,26,48717920,218305,3707502286,17622178,8,13439534,25294214,360,8,168194344,792556038,49864,1025810596,1934918410
td:696,5 -7 -5 5 8 -3 -10,0.0004233621307281584,4.352002118463709e-05,300000,8,11,48717920,218305,3707502286,1414763,145915,1376828,2323802,4792393,139646,225001608,244222696,35584588,559718412,1063721242
td:696,5 -7 -5 5 8 -3 -10,0.0004233621307281584,5.122353988921673e-06,300000,8,14,48717920,218305,3707502286,1414763,17305,1376828,2574188,564667,16614,227138868,214284066,5845604,503516290,956447077
td:696,5 -7 -5 5 8 -3 -10,0.0004233621307281584,3.2882518296693206e-07,300000,8,18,48717920,218305,3707502286,1414763,1059,1376828,2606670,34658,1044,231419652,207318984,542584,497486140,941045936
td:696,5 -7 -5 5 8 -3 -10,0.0004233621307281584,2.5124090137124555e-08,300000,8,22,48717920,218305,3707502286,1414763,72,1376828,2608661,2631,71,236363892,208525332,80448,506328936,955623075
td:696,5 -7 -5 5 8 -3 -10,0.0004233621307281584,2.6157493445827375e-09,300000,8,26,48717920,218305,3707502286,1414763,8,1376828,2608802,360,8,238947052,208156152,24176,510087052,964926267
td:696,5 -7 -5 5 8 -3 -10,4.352002118463709e-05,4.352002118463709e-05,300000,11,11,48717920,218305,3707502286,145915,145915,145516,0,4792393,139646,315588860,125447302,36840356,543204100,985059079
td:696,5 -7 -5 5 8 -3 -10,4.352002118463709e-05,5.122353988921673e-06,300000,11,14,48717920,218305,3707502286,145915,17305,145516,250386,564667,16614,300444016,130555136,5891140,494594134,935886501
td:696,5 -7 -5 5 8 -3 -10,4.352002118463709e-05,3.2882518296693206e-07,300000,11,18,48717920,218305,3707502286,145915,1059,145516,282868,34658,1044,308634544,124860784,528140,494021936,932746531
td:696,5 -7 -5 5 8 -3 -10,4.352002118463709e-05,2.5124090137124555e-08,300000,11,22,48717920,218305,3707502286,145915,72,145516,284859,2631,71,314572874,126021790,76506,502520072,948899561
td:696,5 -7 -5 5 8 -3 -10,4.352002118463709e-05,2.6157493445827375e-09,300000,11,26,48717920,218305,3707502286,145915,8,145516,285000,360,8,319120142,124601644,24442,508099684,961114287
td:696,5 -7 -5 5 8 -3 -10,5.122353988921673e-06,5.122353988921673e-06,300000,14,14,48717920,218305,3707502286,17305,17305,17299,0,564667,16614,419003290,89531554,6660076,585065760,1049687308
td:696,5 -7 -5 5 8 -3 -10,5.122353988921673e-06,3.2882518296693206e-07,300000,14,18,48717920,218305,3707502286,17305,1059,17299,32482,34658,1044,401620686,120317386,544972,582843462,1103401288
td:696,5 -7 -5 5 8 -3 -10,5.122353988921673e-06,2.5124090137124555e-08,300000,14,22,48717920,218305,3707502286,17305,72,17299,34473,2631,71,483474690,141318756,88720,699396646,1118564817
td:696,5 -7 -5 5 8 -3 -10,5.122353988921673e-06,2.6157493445827375e-09,300000,14,26,48717920,218305,3707502286,17305,8,17299,34614,360,8,576678890,164094286,41646,831238660,1148371155
td:696,5 -7 -5 5 8 -3 -10,6.444973586151868e-07,3.2882518296693206e-07,300000,17,18,48717920,218305,3707502286,2204,1059,2203,2203,34658,1044,624612076,151462200,806298,853608338,1298142687
td:696,5 -7 -5 5 8 -3 -10,6.444973586151868e-07,2.5124090137124555e-08,300000,17,22,48717920,218305,3707502286,2204,72,2203,4194,2631,71,649299730,150477244,177754,880604034,1340357258
td:696,5 -7 -5 5 8 -3 -10,6.444973586151868e-07,2.6157493445827375e-09,300000,17,26,48717920,218305,3707502286,2204,8,2203,4335,360,8,697889858,157670310,48786,942811972,1365208260
td:368,2 8 2 -4 4 0 -7,0.006930211134325363,6.111525403593106e-05,100000,5,11,1376528,9637,331148059,2318573,20433,1104504,2547546,662720,19796,6806032,62094284,6760982,85329884,125098098
td:368,2 8 2 -4 4 0 -7,0.006930211134325363,7.184474038488271e-06,100000,5,14,1376528,9637,331148059,2318573,2394,1104504,2582405,77452,2329,6415406,55497862,1120300,72912802,108389444
td:368,2 8 2 -4 4 0 -7,0.006930211134325363,5.767332528972339e-07,100000,5,18,1376528,9637,331148059,2318573,203,1104504,2587114,6401,194,6621818,54356612,144154,72341844,108226112
td:368,2 8 2 -4 4 0 -7,0.006930211134325363,4.989257607632999e-08,100000,5,22,1376528,9637,331148059,2318573,16,1104504,2587523,561,16,7957888,62931616,73564,83860164,112273867
td:368,2 8 2 -4 4 0 -7,0.006930211134325363,5.475787882410935e-09,100000,5,26,1376528,9637,331148059,2318573,2,1104504,2587555,18,2,9426526,72943650,39702,99433820,113644928
td:368,2 8 2 -4 4 0 -7,0.0006261414817250546,6.111525403593106e-05,100000,8,11,1376528,9637,331148059,209612,20433,194178,329742,662720,19796,14769336,38833188,9663040,77465964,78297193
td:368,2 8 2 -4 4 0 -7,0.0006261414817250546,7.184474038488271e-06,100000,8,14,1376528,9637,331148059,209612,2394,194178,364601,77452,2329,14036130,29847432,1526718,59381238,61789802
td:368,2 8 2 -4 4 0 -7,0.0006261414817250546,5.767332528972339e-07,100000,8,18,1376528,9637,331148059,209612,203,194178,369310,6401,194,14195374,28962724,241730,58670504,61048365
td:368,2 8 2 -4 4 0 -7,0.0006261414817250546,4.989257607632999e-08,100000,8,22,1376528,9637,331148059,209612,16,194178,369719,561,16,15656920,31061652,79972,63924326,63940026
td:368,2 8 2 -4 4 0 -7,0.0006261414817250546,5.475787882410935e-09,100000,8,26,1376528,9637,331148059,209612,2,194178,369751,18,2,15055404,29829118,29102,62587192,62834368
td:368,2 8 2 -4 4 0 -7,6.111525403593106e-05,6.111525403593106e-05,100000,11,11,1376528,9637,331148059,20433,20433,20283,0,662720,19796,18446102,15148794,9405544,55561866,56746468
td:368,2 8 2 -4 4 0 -7,6.111525403593106e-05,7.184474038488271e-06,100000,11,14,1376528,9637,331148059,20433,2394,20283,34859,77452,2329,18513908,10376968,1522966,43775362,45414717
td:368,2 8 2 -4 4 0 -7,6.111525403593106e-05,5.767332528972339e-07,100000,11,18,1376528,9637,331148059,20433,203,20283,39568,6401,194,18093812,8985478,180220,41150518,44483655
td:368,2 8 2 -4 4 0 -7,6.111525403593106e-05,4.989257607632999e-08,100000,11,22,1376528,9637,331148059,20433,16,20283,39977,561,16,17388058,8357180,48616,40138930,45774960
td:368,2 8 2 -4 4 0 -7,6.111525403593106e-05,5.475787882410935e-09,100000,11,26,1376528,9637,331148059,20433,2,20283,40009,18,2,17742076,8649478,23006,42473570,48836439
td:368,2 8 2 -4 4 0 -7,7.184474038488271e-06,7.184474038488271e-06,100000,14,14,1376528,9637,331148059,2394,2394,2392,0,77452,2329,23587244,5318030,1485674,44097946,47450223
td:368,2 8 2 -4 4 0 -7,7.184474038488271e-06,5.767332528972339e-07,100000,14,18,1376528,9637,331148059,2394,203,2392,4709,6401,194,24226258,6489328,183716,45548630,48770810
td:368,2 8 2 -4 4 0 -7,7.184474038488271e-06,4.989257607632999e-08,100000,14,22,1376528,9637,331148059,2394,16,2392,5118,561,16,23722464,5918296,56660,44030652,50747832
td:368,2 8 2 -4 4 0 -7,7.184474038488271e-06,5.475787882410935e-09,100000,14,26,1376528,9637,331148059,2394,2,2392,5150,18,2,23848448,5796042,23194,46200918,52347780
td:368,2 8 2 -4 4 0 -7,1.0787047878263078e-06,5.767332528972339e-07,100000,17,18,1376528,9637,331148059,374,203,374,374,6401,194,26172202,5262406,155936,44450454,54374870
td:368,2 8 2 -4 4 0 -7,1.0787047878263078e-06,4.989257607632999e-08,100000,17,22,1376528,9637,331148059,374,16,374,783,561,16,25430984,4976612,39832,44402866,55386979
td:368,2 8 2 -4 4 0 -7,1.0787047878263078e-06,5.475787882410935e-09,100000,17,26,1376528,9637,331148059,374,2,374,815,18,2,29276440,5134840,29382,50540896,60777701
td:368,2 8 2 -4 4 0 -7,0.006930211134325363,6.111525403593106e-05,300000,5,11,11704944,58205,2935612933,20440694,180763,9768802,22501970,5869754,174642,47337604,536199916,48409810,661603828,1005756458
td:368,2 8 2 -4 4 0 -7,0.006930211134325363,7.184474038488271e-06,300000,5,14,11704944,58205,2935612933,20440694,21369,9768802,22810612,692362,20676,48381946,486466700,8245432,573876272,876293737
td:368,2 8 2 -4 4 0 -7,0.006930211134325363,5.767332528972339e-07,300000,5,18,11704944,58205,2935612933,20440694,1792,9768802,22852688,59128,1722,48015276,474108350,1071102,554753964,857802902
td:368,2 8 2 -4 4 0 -7,0.006930211134325363,4.989257607632999e-08,300000,5,22,11704944,58205,2935612933,20440694,130,9768802,22856134,4316,126,56043206,503121952,266144,594669888,878083456
td:368,2 8 2 -4 4 0 -7,0.006930211134325363,5.475787882410935e-09,300000,5,26,11704944,58205,2935612933,20440694,16,9768802,22856409,513,15,54685164,495546124,57772,597210484,868666621
td:368,2 8 2 -4 4 0 -7,0.0006261414817250546,6.111525403593106e-05,300000,8,11,11704944,58205,2935612933,1845312,180763,1711690,2906711,5869754,174642,69676686,220186636,45862060,364486934,564458798
td:368,2 8 2 -4 4 0 -7,0.0006261414817250546,7.184474038488271e-06,300000,8,14,11704944,58205,2935612933,1845312,21369,1711690,3215353,692362,20676,64337128,162651836,7276622,260832396,433299191
td:368,2 8 2 -4 4 0 -7,0.0006261414817250546,5.767332528972339e-07,300000,8,18,11704944,58205,2935612933,1845312,1792,1711690,3257429,59128,1722,74443172,173035878,1103480,280081890,426327802
td:368,2 8 2 -4 4 0 -7,0.0006261414817250546,4.989257607632999e-08,300000,8,22,11704944,58205,2935612933,1845312,130,1711690,3260875,4316,126,75428506,173246546,139378,282042682,422813522
td:368,2 8 2 -4 4 0 -7,0.0006261414817250546,5.475787882410935e-09,300000,8,26,11704944,58205,2935612933,1845312,16,1711690,3261150,513,15,75360638,168137862,54958,287020888,429041859
td:368,2 8 2 -4 4 0 -7,6.111525403593106e-05,6.111525403593106e-05,300000,11,11,11704944,58205,2935612933,180763,180763,179416,0,5869754,174642,93323860,92238094,46142612,259927812,396082653
td:368,2 8 2 -4 4 0 -7,6.111525403593106e-05,7.184474038488271e-06,300000,11,14,11704944,58205,2935612933,180763,21369,179416,308642,692362,20676,92720578,56779354,7728672,186347908,289570177
td:368,2 8 2 -4 4 0 -7,6.111525403593106e-05,5.767332528972339e-07,300000,11,18,11704944,58205,2935612933,180763,1792,179416,350718,59128,1722,93673892,50552290,855508,175000730,274596300
td:368,2 8 2 -4 4 0 -7,6.111525403593106e-05,4.989257607632999e-08,300000,11,22,11704944,58205,2935612933,180763,130,179416,354164,4316,126,107858744,56126802,119890,199812776,276301816
td:368,2 8 2 -4 4 0 -7,6.111525403593106e-05,5.475787882410935e-09,300000,11,26,11704944,58205,2935612933,180763,16,179416,354439,513,15,99622756,51645798,38562,186686444,281123668
td:368,2 8 2 -4 4 0 -7,7.184474038488271e-06,7.184474038488271e-06,300000,14,14,11704944,58205,2935612933,21369,21369,21351,0,692362,20676,128634504,32464772,8048352,200512192,298604354
td:368,2 8 2 -4 4 0 -7,7.184474038488271e-06,5.767332528972339e-07,300000,14,18,11704944,58205,2935612933,21369,1792,21351,42076,59128,1722,135303798,39665262,1164120,209968438,302133944
td:368,2 8 2 -4 4 0 -7,7.184474038488271e-06,4.989257607632999e-08,300000,14,22,11704944,58205,2935612933,21369,130,21351,45522,4316,126,138462796,39683878,179844,214176470,301506090
td:368,2 8 2 -4 4 0 -7,7.184474038488271e-06,5.475787882410935e-09,300000,14,26,11704944,58205,2935612933,21369,16,21351,45797,513,15,137921986,38175814,32926,212923100,303251739
td:368,2 8 2 -4 4 0 -7,1.0787047878263078e-06,5.767332528972339e-07,300000,17,18,11704944,58205,2935612933,3315,1792,3315,3315,59128,1722,156095186,34998428,853838,223723552,335216123
td:368,2 8 2 -4 4 0 -7,1.0787047878263078e-06,4.989257607632999e-08,300000,17,22,11704944,58205,2935612933,3315,130,3315,6761,4316,126,153690580,33773298,117688,220970376,337161609
td:368,2 8 2 -4 4 0 -7,1.0787047878263078e-06,5.475787882410935e-09,300000,17,26,11704944,58205,2935612933,3315,16,3315,7036,513,15,151487166,32177722,27774,218215484,344700173
td:989,-10 -2 4 1 8 -2 -3,0.008121091271639628,7.484677635448926e-05,100000,5,11,1368336,21151,151795648,848300,7866,321334,766831,254458,7534,6672214,22135678,2685604,48806976,74443188
td:989,-10 -2 4 1 8 -2 -3,0.008121091271639628,9.276165202813354e-06,100000,5,14,1368336,21151,151795648,848300,1009,321334,780505,32085,981,6714400,20310784,471568,45014446,67760247
td:989,-10 -2 4 1 8 -2 -3,0.008121091271639628,6.514320530000339e-07,100000,5,18,1368336,21151,151795648,848300,75,321334,782489,2481,74,7343748,20593172,62302,47166680,70121657
td:989,-10 -2 4 1 8 -2 -3,0.008121091271639628,5.13997586252801e-08,100000,5,22,1368336,21151,151795648,848300,4,321334,782633,74,3,7798924,20234516,15130,48237362,71927350
td:989,-10 -2 4 1 8 -2 -3,0.008121091271639628,4.618339545040027e-09,100000,5,26,1368336,21151,151795648,848300,0,321334,782637,0,0,8293998,20519576,0,51039908,73320271
td:989,-10 -2 4 1 8 -2 -3,0.0006732947852213235,7.484677635448926e-05,100000,8,11,1368336,21151,151795648,70586,7866,63230,111250,254458,7534,12594742,13855664,3220766,53204600,62733739
td:989,-10 -2 4 1 8 -2 -3,0.0006732947852213235,9.276165202813354e-06,100000,8,14,1368336,21151,151795648,70586,1009,63230,124924,32085,981,11613252,10494032,472058,41999592,61269334
td:989,-10 -2 4 1 8 -2 -3,0.0006732947852213235,6.514320530000339e-07,100000,8,18,1368336,21151,151795648,70586,75,63230,126908,2481,74,11334678,10000126,65984,40729328,60370105
td:989,-10 -2 4 1 8 -2 -3,0.0006732947852213235,5.13997586252801e-08,100000,8,22,1368336,21151,151795648,70586,4,63230,127052,74,3,12165560,9726298,17102,43259456,63529009
td:989,-10 -2 4 1 8 -2 -3,0.0006732947852213235,4.618339545040027e-09,100000,8,26,1368336,21151,151795648,70586,0,63230,127056,0,0,12854280,10070808,0,45626824,65214534
td:989,-10 -2 4 1 8 -2 -3,7.484677635448926e-05,7.484677635448926e-05,100000,11,11,1368336,21151,151795648,7866,7866,7753,0,254458,7534,14568634,6136860,2753714,40850100,60062506
td:989,-10 -2 4 1 8 -2 -3,7.484677635448926e-05,9.276165202813354e-06,100000,11,14,1368336,21151,151795648,7866,1009,7753,13674,32085,981,15059168,6096498,472404,40068630,57960760
td:989,-10 -2 4 1 8 -2 -3,7.484677635448926e-05,6.514320530000339e-07,100000,11,18,1368336,21151,151795648,7866,75,7753,15658,2481,74,15542736,5835228,57758,41018696,59710938
td:989,-10 -2 4 1 8 -2 -3,7.484677635448926e-05,5.13997586252801e-08,100000,11,22,1368336,21151,151795648,7866,4,7753,15802,74,3,16110212,5399860,11332,42810050,62905128
td:989,-10 -2 4 1 8 -2 -3,7.484677635448926e-05,4.618339545040027e-09,100000,11,26,1368336,21151,151795648,7866,0,7753,15806,0,0,16010170,5322904,0,42903634,63514119
td:989,-10 -2 4 1 8 -2 -3,9.276165202813354e-06,9.276165202813354e-06,100000,14,14,1368336,21151,151795648,1009,1009,1005,0,32085,981,19312278,3623768,457206,41251570,61814936
td:989,-10 -2 4 1 8 -2 -3,9.276165202813354e-06,6.514320530000339e-07,100000,14,18,1368336,21151,151795648,1009,75,1005,1984,2481,74,19576582,4978638,60572,43522880,66286524
td:989,-10 -2 4 1 8 -2 -3,9.276165202813354e-06,5.13997586252801e-08,100000,14,22,1368336,21151,151795648,1009,4,1005,2128,74,3,21917662,5038298,15720,48201294,69853509
td:989,-10 -2 4 1 8 -2 -3,9.276165202813354e-06,4.618339545040027e-09,100000,14,26,1368336,21151,151795648,1009,0,1005,2132,0,0,23860404,4946906,0,53741484,73776153
td:989,-10 -2 4 1 8 -2 -3,1.2574153581163445e-06,6.514320530000339e-07,100000,17,18,1368336,21151,151795648,142,75,142,142,2481,74,25534402,5197988,56538,50330996,73689314
td:989,-10 -2 4 1 8 -2 -3,1.2574153581163445e-06,5.13997586252801e-08,100000,17,22,1368336,21151,151795648,142,4,142,286,74,3,41671436,6785226,36458,82837178,82533950
td:989,-10 -2 4 1 8 -2 -3,1.2574153581163445e-06,4.618339545040027e-09,100000,17,26,1368336,21151,151795648,142,0,142,290,0,0,32446516,5062416,0,63469776,85665831
td:989,-10 -2 4 1 8 -2 -3,0.008121091271639628,7.484677635448926e-05,300000,5,11,11025136,75425,1347555583,7396953,68493,2795138,6672518,2222031,65906,46590846,189464704,19229822,309016260,463821900
td:989,-10 -2 4 1 8 -2 -3,0.008121091271639628,9.276165202813354e-06,300000,5,14,11025136,75425,1347555583,7396953,8655,2795138,6791222,281186,8356,48073454,171270380,3550518,276892594,420810479
td:989,-10 -2 4 1 8 -2 -3,0.008121091271639628,6.514320530000339e-07,300000,5,18,11025136,75425,1347555583,7396953,587,2795138,6807634,18427,563,51051938,179168020,460110,289415428,417780251
td:989,-10 -2 4 1 8 -2 -3,0.008121091271639628,5.13997586252801e-08,300000,5,22,11025136,75425,1347555583,7396953,40,2795138,6808772,1321,37,49556018,168664610,61990,277206810,419791439
td:989,-10 -2 4 1 8 -2 -3,0.008121091271639628,4.618339545040027e-09,300000,5,26,11025136,75425,1347555583,7396953,4,2795138,6808846,190,4,47367230,158216388,21348,262979250,420067477
td:989,-10 -2 4 1 8 -2 -3,0.0006732947852213235,7.484677635448926e-05,300000,8,11,11025136,75425,1347555583,613747,68493,548984,966073,2222031,65906,64835810,88293690,17510166,217973262,356909370
td:989,-10 -2 4 1 8 -2 -3,0.0006732947852213235,9.276165202813354e-06,300000,8,14,11025136,75425,1347555583,613747,8655,548984,1084777,281186,8356,68636356,74202016,3268280,196899770,313749597
td:989,-10 -2 4 1 8 -2 -3,0.0006732947852213235,6.514320530000339e-07,300000,8,18,11025136,75425,1347555583,613747,587,548984,1101189,18427,563,68452610,72201720,295442,193375442,308505269
td:989,-10 -2 4 1 8 -2 -3,0.0006732947852213235,5.13997586252801e-08,300000,8,22,11025136,75425,1347555583,613747,40,548984,1102327,1321,37,77136872,79971412,90246,217261872,323363501
td:989,-10 -2 4 1 8 -2 -3,0.0006732947852213235,4.618339545040027e-09,300000,8,26,11025136,75425,1347555583,613747,4,548984,1102401,190,4,85517902,83016168,27224,234359528,328483384
td:989,-10 -2 4 1 8 -2 -3,7.484677635448926e-05,7.484677635448926e-05,300000,11,11,11025136,75425,1347555583,68493,68493,67641,0,2222031,65906,112075598,53003398,20950516,244434958,336363900
td:989,-10 -2 4 1 8 -2 -3,7.484677635448926e-05,9.276165202813354e-06,300000,11,14,11025136,75425,1347555583,68493,8655,67641,118704,281186,8356,110951854,47227668,3766350,225436942,307225813
td:989,-10 -2 4 1 8 -2 -3,7.484677635448926e-05,6.514320530000339e-07,300000,11,18,11025136,75425,1347555583,68493,587,67641,135116,18427,563,116207758,48982198,461014,228347210,310966461
td:989,-10 -2 4 1 8 -2 -3,7.484677635448926e-05,5.13997586252801e-08,300000,11,22,11025136,75425,1347555583,68493,40,67641,136254,1321,37,117999446,46064126,70142,231221670,314603581
td:989,-10 -2 4 1 8 -2 -3,7.484677635448926e-05,4.618339545040027e-09,300000,11,26,11025136,75425,1347555583,68493,4,67641,136328,190,4,110867964,41457728,22264,217497080,313754434
td:989,-10 -2 4 1 8 -2 -3,9.276165202813354e-06,9.276165202813354e-06,300000,14,14,11025136,75425,1347555583,8655,8655,8641,0,281186,8356,130278662,26385098,3388108,214652164,323917813
td:989,-10 -2 4 1 8 -2 -3,9.276165202813354e-06,6.514320530000339e-07,300000,14,18,11025136,75425,1347555583,8655,587,8641,16412,18427,563,143131456,37996988,483866,241061240,349510355
td:989,-10 -2 4 1 8 -2 -3,9.276165202813354e-06,5.13997586252801e-08,300000,14,22,11025136,75425,1347555583,8655,40,8641,17550,1321,37,158582542,39550528,102702,264816372,365052566
td:989,-10 -2 4 1 8 -2 -3,9.276165202813354e-06,4.618339545040027e-09,300000,14,26,11025136,75425,1347555583,8655,4,8641,17624,190,4,143859798,34881510,24588,243172090,353117305
td:989,-10 -2 4 1 8 -2 -3,1.2574153581163445e-06,6.514320530000339e-07,300000,17,18,11025136,75425,1347555583,1141,587,1141,1141,18427,563,161821132,35852816,320246,255425134,387727711
td:989,-10 -2 4 1 8 -2 -3,1.2574153581163445e-06,5.13997586252801e-08,300000,17,22,11025136,75425,1347555583,1141,40,1141,2279,1321,37,171913690,35830278,59986,268462276,407503386
td:989,-10 -2 4 1 8 -2 -3,1.2574153581163445e-06,4.618339545040027e-09,300000,17,26,11025136,75425,1347555583,1141,4,1141,2353,190,4,212703382,39984396,36138,325910954,428859150
td:78,6 0 9 -7 -8 0 -2,0.009035300434391515,9.62855384536235e-05,100000,5,11,2788240,17863,171650648,1560677,16548,1220287,2396224,540380,14585,10972838,93058970,4911810,118544048,189188312
td:78,6 0 9 -7 -8 0 -2,0.009035300434391515,1.1963518407222788e-05,100000,5,14,2788240,17863,171650648,1560677,2070,1220287,2424974,67529,1828,13245744,100875200,1005346,126389284,180720278
td:78,6 0 9 -7 -8 0 -2,0.009035300434391515,8.474074817028604e-07,100000,5,18,2788240,17863,171650648,1560677,148,1220287,2428903,4516,129,14151866,99843676,154860,127778948,182770901
td:78,6 0 9 -7 -8 0 -2,0.009035300434391515,7.08956894177198e-08,100000,5,22,2788240,17863,171650648,1560677,16,1220287,2429201,476,15,14789410,99866090,42414,138026116,182883266
td:78,6 0 9 -7 -8 0 -2,0.009035300434391515,7.014749384486769e-09,100000,5,26,2788240,17863,171650648,1560677,1,1220287,2429233,25,1,14973108,102822160,21144,133231364,185834646
td:78,6 0 9 -7 -8 0 -2,0.0008624107575201799,9.62855384536235e-05,100000,8,11,2788240,17863,171650648,148527,16548,145007,247666,540380,14585,18215278,26244644,5215602,60310684,86238917
td:78,6 0 9 -7 -8 0 -2,0.0008624107575201799,1.1963518407222788e-05,100000,8,14,2788240,17863,171650648,148527,2070,145007,276416,67529,1828,19367052,23234490,912058,55125408,76519887
td:78,6 0 9 -7 -8 0 -2,0.0008624107575201799,8.474074817028604e-07,100000,8,18,2788240,17863,171650648,148527,148,145007,280345,4516,129,19384856,21943914,107384,54122706,76483645
td:78,6 0 9 -7 -8 0 -2,0.0008624107575201799,7.08956894177198e-08,100000,8,22,2788240,17863,171650648,148527,16,145007,280643,476,15,19259142,21847168,27804,54624812,76982217
td:78,6 0 9 -7 -8 0 -2,0.0008624107575201799,7.014749384486769e-09,100000,8,26,2788240,17863,171650648,148527,1,145007,280675,25,1,18843700,21127972,13844,54190954,78659794
td:78,6 0 9 -7 -8 0 -2,9.62855384536235e-05,9.62855384536235e-05,100000,11,11,2788240,17863,171650648,16548,16548,16512,0,540380,14585,24376474,11724232,5066542,51760746,76446270
td:78,6 0 9 -7 -8 0 -2,9.62855384536235e-05,1.1963518407222788e-05,100000,11,14,2788240,17863,171650648,16548,2070,16512,28750,67529,1828,23421364,10448996,800076,45090862,68278613
td:78,6 0 9 -7 -8 0 -2,9.62855384536235e-05,8.474074817028604e-07,100000,11,18,2788240,17863,171650648,16548,148,16512,32679,4516,129,27628676,11508658,102050,57617564,69568117
td:78,6 0 9 -7 -8 0 -2,9.62855384536235e-05,7.08956894177198e-08,100000,11,22,2788240,17863,171650648,16548,16,16512,32977,476,15,23318224,9478086,20500,45018968,70949449
td:78,6 0 9 -7 -8 0 -2,9.62855384536235e-05,7.014749384486769e-09,100000,11,26,2788240,17863,171650648,16548,1,16512,33009,25,1,23971600,9469058,8748,46903028,73150704
td:78,6 0 9 -7 -8 0 -2,1.1963518407222788e-05,1.1963518407222788e-05,100000,14,14,2788240,17863,171650648,2070,2070,2070,0,67529,1828,30969074,6476536,819388,49624602,73492411
td:78,6 0 9 -7 -8 0 -2,1.1963518407222788e-05,8.474074817028604e-07,100000,14,18,2788240,17863,171650648,2070,148,2070,3929,4516,129,30555206,8651428,82540,51166484,77409997
td:78,6 0 9 -7 -8 0 -2,1.1963518407222788e-05,7.08956894177198e-08,100000,14,22,2788240,17863,171650648,2070,16,2070,4227,476,15,30554700,8392496,21108,51863956,79409977
td:78,6 0 9 -7 -8 0 -2,1.1963518407222788e-05,7.014749384486769e-09,100000,14,26,2788240,17863,171650648,2070,1,2070,4259,25,1,32043986,8390140,9914,55249106,82527903
td:78,6 0 9 -7 -8 0 -2,1.6153705119960776e-06,8.474074817028604e-07,100000,17,18,2788240,17863,171650648,277,148,277,277,4516,129,39665946,8658346,85010,60874882,91478277
td:78,6 0 9 -7 -8 0 -2,1.6153705119960776e-06,7.08956894177198e-08,100000,17,22,2788240,17863,171650648,277,16,277,575,476,15,39820486,8997816,20982,61777790,93568887
td:78,6 0 9 -7 -8 0 -2,1.6153705119960776e-06,7.014749384486769e-09,100000,17,26,2788240,17863,171650648,277,1,277,607,25,1,39833982,8118112,10182,62118428,95459813
td:78,6 0 9 -7 -8 0 -2,0.009035300434391515,9.62855384536235e-05,300000,5,11,24301600,113935,1535389706,13916947,147887,10893766,21373152,4818392,129581,85566472,817152358,35227212,972205102,1627553563
td:78,6 0 9 -7 -8 0 -2,0.009035300434391515,1.1963518407222788e-05,300000,5,14,24301600,113935,1535389706,13916947,18385,10893766,21630442,601277,16178,88066606,782801836,6417652,912626182,1527987897
td:78,6 0 9 -7 -8 0 -2,0.009035300434391515,8.474074817028604e-07,300000,5,18,24301600,113935,1535389706,13916947,1293,10893766,21665331,41492,1136,92724746,797721412,827058,935206286,1517808835
td:78,6 0 9 -7 -8 0 -2,0.009035300434391515,7.08956894177198e-08,300000,5,22,24301600,113935,1535389706,13916947,92,10893766,21667884,2919,75,91398246,772728656,105094,908969876,1524335482
td:78,6 0 9 -7 -8 0 -2,0.009035300434391515,7.014749384486769e-09,300000,5,26,24301600,113935,1535389706,13916947,8,10893766,21668064,225,7,96446960,802786088,40300,942077384,1528589835
td:78,6 0 9 -7 -8 0 -2,0.0008624107575201799,9.62855384536235e-05,300000,8,11,24301600,113935,1535389706,1323865,147887,1293133,2209536,4818392,129581,127542826,199919706,33657084,395335884,648388741
td:78,6 0 9 -7 -8 0 -2,0.0008624107575201799,1.1963518407222788e-05,300000,8,14,24301600,113935,1535389706,1323865,18385,1293133,2466826,601277,16178,131950312,167372080,6010246,340589726,552360542
td:78,6 0 9 -7 -8 0 -2,0.0008624107575201799,8.474074817028604e-07,300000,8,18,24301600,113935,1535389706,1323865,1293,1293133,2501715,41492,1136,132178466,162443510,602824,332042866,542030070
td:78,6 0 9 -7 -8 0 -2,0.0008624107575201799,7.08956894177198e-08,300000,8,22,24301600,113935,1535389706,1323865,92,1293133,2504268,2919,75,133803408,165378816,95536,338729570,547770715
td:78,6 0 9 -7 -8 0 -2,0.0008624107575201799,7.014749384486769e-09,300000,8,26,24301600,113935,1535389706,1323865,8,1293133,2504448,225,7,139010736,169123120,26756,351014874,557499350
td:78,6 0 9 -7 -8 0 -2,9.62855384536235e-05,9.62855384536235e-05,300000,11,11,24301600,113935,1535389706,147887,147887,147509,0,4818392,129581,177809294,97511360,34559308,350755160,551541131
td:78,6 0 9 -7 -8 0 -2,9.62855384536235e-05,1.1963518407222788e-05,300000,11,14,24301600,113935,1535389706,147887,18385,147509,257290,601277,16178,176398024,84793658,5861510,303754636,493122249
td:78,6 0 9 -7 -8 0 -2,9.62855384536235e-05,8.474074817028604e-07,300000,11,18,24301600,113935,1535389706,147887,1293,147509,292179,41492,1136,175805454,80096744,553124,293767552,480706732
td:78,6 0 9 -7 -8 0 -2,9.62855384536235e-05,7.08956894177198e-08,300000,11,22,24301600,113935,1535389706,147887,92,147509,294732,2919,75,183235468,83775708,75598,308200928,492547285
td:78,6 0 9 -7 -8 0 -2,9.62855384536235e-05,7.014749384486769e-09,300000,11,26,24301600,113935,1535389706,147887,8,147509,294912,225,7,183672670,82868924,22074,309208604,501677164
td:78,6 0 9 -7 -8 0 -2,1.1963518407222788e-05,1.1963518407222788e-05,300000,14,14,24301600,113935,1535389706,18385,18385,18382,0,601277,16178,223037336,50836710,5998842,316186004,516892806
td:78,6 0 9 -7 -8 0 -2,1.1963518407222788e-05,8.474074817028604e-07,300000,14,18,24301600,113935,1535389706,18385,1293,18382,34889,41492,1136,224235264,69320538,544412,332039132,540967325
td:78,6 0 9 -7 -8 0 -2,1.1963518407222788e-05,7.08956894177198e-08,300000,14,22,24301600,113935,1535389706,18385,92,18382,37442,2919,75,245047154,78595326,95694,366360696,557755235
td:78,6 0 9 -7 -8 0 -2,1.1963518407222788e-05,7.014749384486769e-09,300000,14,26,24301600,113935,1535389706,18385,8,18382,37622,225,7,237883440,73902832,30498,356475614,563418946
td:78,6 0 9 -7 -8 0 -2,1.6153705119960776e-06,8.474074817028604e-07,300000,17,18,24301600,113935,1535389706,2449,1293,2449,2449,41492,1136,291316526,71489142,665138,404509198,646316019
td:78,6 0 9 -7 -8 0 -2,1.6153705119960776e-06,7.08956894177198e-08,300000,17,22,24301600,113935,1535389706,2449,92,2449,5002,2919,75,295936702,74228764,71614,412043916,659060662
td:78,6 0 9 -7 -8 0 -2,1.6153705119960776e-06,7.014749384486769e-09,300000,17,26,24301600,113935,1535389706,2449,8,2449,5182,225,7,302787742,73377676,26496,420209058,671595557
td:517,-8 -2 6 9 0 6 6,0.010239863745843857,0.00010756449622703188,100000,5,11,5663136,34220,524257906,5427264,57861,3459822,7296266,1903261,48551,21171444,207345870,12940240,258009328,418982189
td:517,-8 -2 6 9 0 6 6,0.010239863745843857,1.4182884080603285e-05,100000,5,14,5663136,34220,524257906,5427264,7543,3459822,7397349,248442,6370,21999248,193582242,2426778,234895392,383562347
td:517,-8 -2 6 9 0 6 6,0.010239863745843857,1.1927784418167332e-06,100000,5,18,5663136,34220,524257906,5427264,654,3459822,7412125,21020,546,23843906,201924686,345946,244569042,383670179
td:517,-8 -2 6 9 0 6 6,0.010239863745843857,1.1787276625187655e-07,100000,5,22,5663136,34220,524257906,5427264,70,3459822,7413511,2192,57,23888430,197617408,66830,242460820,381814475
td:517,-8 -2 6 9 0 6 6,0.010239863745843857,1.2349002427725156e-08,100000,5,26,5663136,34220,524257906,5427264,5,3459822,7413670,186,4,23924474,192703622,21012,237159654,385602292
td:517,-8 -2 6 9 0 6 6,0.0009790437403747751,0.00010756449622703188,100000,8,11,5663136,34220,524257906,521783,57861,497356,852270,1903261,48551,32091246,70045546,12515924,130669360,213051386
td:517,-8 -2 6 9 0 6 6,0.0009790437403747751,1.4182884080603285e-05,100000,8,14,5663136,34220,524257906,521783,7543,497356,953353,248442,6370,33404930,58348868,2394124,110852082,176136551
td:517,-8 -2 6 9 0 6 6,0.0009790437403747751,1.1927784418167332e-06,100000,8,18,5663136,34220,524257906,521783,654,497356,968129,21020,546,34083560,56036974,279642,108246096,171783677
td:517,-8 -2 6 9 0 6 6,0.0009790437403747751,1.1787276625187655e-07,100000,8,22,5663136,34220,524257906,521783,70,497356,969515,2192,57,33375438,53654740,46682,105547750,174207471
td:517,-8 -2 6 9 0 6 6,0.0009790437403747751,1.2349002427725156e-08,100000,8,26,5663136,34220,524257906,521783,5,497356,969674,186,4,34898832,55009414,17814,109846304,176797654
td:517,-8 -2 6 9 0 6 6,0.00010756449622703188,0.00010756449622703188,100000,11,11,5663136,34220,524257906,57861,57861,57546,0,1903261,48551,44320170,29376032,12482930,102738618,166604536
td:517,-8 -2 6 9 0 6 6,0.00010756449622703188,1.4182884080603285e-05,100000,11,14,5663136,34220,524257906,57861,7543,57546,101083,248442,6370,44546990,22747784,2318550,86332430,139557398
td:517,-8 -2 6 9 0 6 6,0.00010756449622703188,1.1927784418167332e-06,100000,11,18,5663136,34220,524257906,57861,654,57546,115859,21020,546,47737794,21892876,274068,88068736,138521002
td:517,-8 -2 6 9 0 6 6,0.00010756449622703188,1.1787276625187655e-07,100000,11,22,5663136,34220,524257906,57861,70,57546,117245,2192,57,47827278,21772346,47208,89111940,139599986
td:517,-8 -2 6 9 0 6 6,0.00010756449622703188,1.2349002427725156e-08,100000,11,26,5663136,34220,524257906,57861,5,57546,117404,186,4,48790292,21526152,14654,91008310,142536397
td:517,-8 -2 6 9 0 6 6,1.4182884080603285e-05,1.4182884080603285e-05,100000,14,14,5663136,34220,524257906,7543,7543,7535,0,248442,6370,54631936,12973570,2214144,85880612,145612917
td:517,-8 -2 6 9 0 6 6,1.4182884080603285e-05,1.1927784418167332e-06,100000,14,18,5663136,34220,524257906,7543,654,7535,14776,21020,546,56940660,16229304,256122,91071712,150817872
td:517,-8 -2 6 9 0 6 6,1.4182884080603285e-05,1.1787276625187655e-07,100000,14,22,5663136,34220,524257906,7543,70,7535,16162,2192,57,60454292,16700964,45542,95743252,155127852
td:517,-8 -2 6 9 0 6 6,1.4182884080603285e-05,1.2349002427725156e-08,100000,14,26,5663136,34220,524257906,7543,5,7535,16321,186,4,60599490,16354146,14352,96530114,156663101
td:517,-8 -2 6 9 0 6 6,2.166880835967065e-06,1.1927784418167332e-06,100000,17,18,5663136,34220,524257906,1181,654,1181,1181,21020,546,72758508,16332648,272456,107579356,170698274
td:517,-8 -2 6 9 0 6 6,2.166880835967065e-06,1.1787276625187655e-07,100000,17,22,5663136,34220,524257906,1181,70,1181,2567,2192,57,74194920,16567342,47532,109731298,173400027
td:517,-8 -2 6 9 0 6 6,2.166880835967065e-06,1.2349002427725156e-08,100000,17,26,5663136,34220,524257906,1181,5,1181,2726,186,4,75278840,16131878,15246,111158796,176010993
td:517,-8 -2 6 9 0 6 6,0.010239863745843857,0.00010756449622703188,300000,5,11,48683472,224672,4618250103,47655260,503910,30429772,64110798,16612287,423262,176705680,1865480010,99359526,2207976356,3626216596
td:517,-8 -2 6 9 0 6 6,0.010239863745843857,1.4182884080603285e-05,300000,5,14,48683472,224672,4618250103,47655260,66103,30429772,64993709,2175398,55586,174874468,1763426526,18494890,2023478818,3299727293
td:517,-8 -2 6 9 0 6 6,0.010239863745843857,1.1927784418167332e-06,300000,5,18,48683472,224672,4618250103,47655260,5673,30429772,65123467,185100,4778,182164212,1725806200,2596032,1978536724,3253950770
td:517,-8 -2 6 9 0 6 6,0.010239863745843857,1.1787276625187655e-07,300000,5,22,48683472,224672,4618250103,47655260,575,30429772,65135108,18020,479,188154848,1747538472,475342,2006622056,3272744461
td:517,-8 -2 6 9 0 6 6,0.010239863745843857,1.2349002427725156e-08,300000,5,26,48683472,224672,4618250103,47655260,47,30429772,65136323,1634,41,184170520,1736355506,90092,1992539366,3269943399
td:517,-8 -2 6 9 0 6 6,0.0009790437403747751,0.00010756449622703188,300000,8,11,48683472,224672,4618250103,4571608,503910,4358506,7467321,16612287,423262,260178824,614128600,94644048,1032184912,1684796441
td:517,-8 -2 6 9 0 6 6,0.0009790437403747751,1.4182884080603285e-05,300000,8,14,48683472,224672,4618250103,4571608,66103,4358506,8350232,2175398,55586,262674520,492535564,17729466,836680974,1361799238
td:517,-8 -2 6 9 0 6 6,0.0009790437403747751,1.1927784418167332e-06,300000,8,18,48683472,224672,4618250103,4571608,5673,4358506,8479990,185100,4778,267365774,480229016,2234552,815113418,1331150892
td:517,-8 -2 6 9 0 6 6,0.0009790437403747751,1.1787276625187655e-07,300000,8,22,48683472,224672,4618250103,4571608,575,4358506,8491631,18020,479,282153642,506095982,458954,859485018,1333376410
td:517,-8 -2 6 9 0 6 6,0.0009790437403747751,1.2349002427725156e-08,300000,8,26,48683472,224672,4618250103,4571608,47,4358506,8492846,1634,41,286671430,495248694,88018,855030530,1341905262
td:517,-8 -2 6 9 0 6 6,0.00010756449622703188,0.00010756449622703188,300000,11,11,48683472,224672,4618250103,503910,503910,501278,0,16612287,423262,366349082,275284112,98999556,807290526,1262444549
td:517,-8 -2 6 9 0 6 6,0.00010756449622703188,1.4182884080603285e-05,300000,11,14,48683472,224672,4618250103,503910,66103,501278,882911,2175398,55586,355001010,195356628,17649718,632814422,1024255174
td:517,-8 -2 6 9 0 6 6,0.00010756449622703188,1.1927784418167332e-06,300000,11,18,48683472,224672,4618250103,503910,5673,501278,1012669,185100,4778,356848330,180810072,2123306,607455404,983289295
td:517,-8 -2 6 9 0 6 6,0.00010756449622703188,1.1787276625187655e-07,300000,11,22,48683472,224672,4618250103,503910,575,501278,1024310,18020,479,357486860,175711988,315576,602988458,986064238
td:517,-8 -2 6 9 0 6 6,0.00010756449622703188,1.2349002427725156e-08,300000,11,26,48683472,224672,4618250103,503910,47,501278,1025525,1634,41,371323108,176925890,57464,619608832,1005033509
td:517,-8 -2 6 9 0 6 6,1.4182884080603285e-05,1.4182884080603285e-05,300000,14,14,48683472,224672,4618250103,66103,66103,66053,0,2175398,55586,464182604,115887452,17546510,662906024,1072855522
td:517,-8 -2 6 9 0 6 6,1.4182884080603285e-05,1.1927784418167332e-06,300000,14,18,48683472,224672,4618250103,66103,5673,66053,129758,185100,4778,462734192,139186206,2042016,671379378,1091485207
td:517,-8 -2 6 9 0 6 6,1.4182884080603285e-05,1.1787276625187655e-07,300000,14,22,48683472,224672,4618250103,66103,575,66053,141399,18020,479,479048108,139142710,346246,687955822,1112218092
td:517,-8 -2 6 9 0 6 6,1.4182884080603285e-05,1.2349002427725156e-08,300000,14,26,48683472,224672,4618250103,66103,47,66053,142614,1634,41,498143954,144370966,69170,719332048,1116827385
td:517,-8 -2 6 9 0 6 6,2.166880835967065e-06,1.1927784418167332e-06,300000,17,18,48683472,224672,4618250103,10241,5673,10241,10241,185100,4778,577823748,135249334,2091206,782736638,1253776430
td:517,-8 -2 6 9 0 6 6,2.166880835967065e-06,1.1787276625187655e-07,300000,17,22,48683472,224672,4618250103,10241,575,10241,21882,18020,479,592233192,134767784,322218,797255944,1268940150
td:517,-8 -2 6 9 0 6 6,2.166880835967065e-06,1.2349002427725156e-08,300000,17,26,48683472,224672,4618250103,10241,47,10241,23097,1634,41,589836888,133719950,63472,796597794,1276636174
td:816,-10 -9 -10 -1 -6 -1 8,0.010129507412682133,0.00011735851493623616,100000,5,11,3356800,23591,261227967,2671568,31066,1735398,3702061,1018146,30117,13217950,134039460,9065804,167725746,270609441
td:816,-10 -9 -10 -1 -6 -1 8,0.010129507412682133,1.573732817525093e-05,100000,5,14,3356800,23591,261227967,2671568,4217,1735398,3756513,139173,4103,13322684,125482102,1745088,152530602,248345621
td:816,-10 -9 -10 -1 -6 -1 8,0.010129507412682133,1.260494270469066e-06,100000,5,18,3356800,23591,261227967,2671568,307,1735398,3764630,10446,295,13566250,124610650,174304,150748884,245504902
td:816,-10 -9 -10 -1 -6 -1 8,0.010129507412682133,1.0809083074152384e-07,100000,5,22,3356800,23591,261227967,2671568,36,1735398,3765257,1141,35,13955534,124764196,42366,152343412,247545745
td:816,-10 -9 -10 -1 -6 -1 8,0.010129507412682133,1.1618599374423441e-08,100000,5,26,3356800,23591,261227967,2671568,2,1735398,3765320,68,2,14266868,124643006,11618,153323412,249213734
td:816,-10 -9 -10 -1 -6 -1 8,0.0010327060187571297,0.00011735851493623616,100000,8,11,3356800,23591,261227967,274800,31066,260686,450155,1018146,30117,19668874,36694842,8514810,75686900,123068936
td:816,-10 -9 -10 -1 -6 -1 8,0.0010327060187571297,1.573732817525093e-05,100000,8,14,3356800,23591,261227967,274800,4217,260686,504607,139173,4103,19619460,29607290,1701498,62502982,101151521
td:816,-10 -9 -10 -1 -6 -1 8,0.0010327060187571297,1.260494270469066e-06,100000,8,18,3356800,23591,261227967,274800,307,260686,512724,10446,295,20290864,28621290,161264,61711576,98925224
td:816,-10 -9 -10 -1 -6 -1 8,0.0010327060187571297,1.0809083074152384e-07,100000,8,22,3356800,23591,261227967,274800,36,260686,513351,1141,35,21024356,29353370,35324,63256190,100634263
td:816,-10 -9 -10 -1 -6 -1 8,0.0010327060187571297,1.1618599374423441e-08,100000,8,26,3356800,23591,261227967,274800,2,260686,513414,68,2,21901488,29131746,11740,65582598,102542366
td:816,-10 -9 -10 -1 -6 -1 8,0.00011735851493623616,0.00011735851493623616,100000,11,11,3356800,23591,261227967,31066,31066,30861,0,1018146,30117,26681040,17181034,8650716,63824288,101087402
td:816,-10 -9 -10 -1 -6 -1 8,0.00011735851493623616,1.573732817525093e-05,100000,11,14,3356800,23591,261227967,31066,4217,30861,54452,139173,4103,26589140,13768408,1674510,53885062,85058091
td:816,-10 -9 -10 -1 -6 -1 8,0.00011735851493623616,1.260494270469066e-06,100000,11,18,3356800,23591,261227967,31066,307,30861,62569,10446,295,27575788,13013348,165048,53737752,84053205
td:816,-10 -9 -10 -1 -6 -1 8,0.00011735851493623616,1.0809083074152384e-07,100000,11,22,3356800,23591,261227967,31066,36,30861,63196,1141,35,26851710,13046976,33554,53166906,83469987
td:816,-10 -9 -10 -1 -6 -1 8,0.00011735851493623616,1.1618599374423441e-08,100000,11,26,3356800,23591,261227967,31066,2,30861,63259,68,2,29153048,12687382,12226,57180416,88411547
td:816,-10 -9 -10 -1 -6 -1 8,1.573732817525093e-05,1.573732817525093e-05,100000,14,14,3356800,23591,261227967,4217,4217,4210,0,139173,4103,32634108,7558446,1581650,53191748,89545579
td:816,-10 -9 -10 -1 -6 -1 8,1.573732817525093e-05,1.260494270469066e-06,100000,14,18,3356800,23591,261227967,4217,307,4210,8117,10446,295,33944806,9809092,158662,56393946,92471582
td:816,-10 -9 -10 -1 -6 -1 8,1.573732817525093e-05,1.0809083074152384e-07,100000,14,22,3356800,23591,261227967,4217,36,4210,8744,1141,35,35260718,10554406,32548,59077656,95002679
td:816,-10 -9 -10 -1 -6 -1 8,1.573732817525093e-05,1.1618599374423441e-08,100000,14,26,3356800,23591,261227967,4217,2,4210,8807,68,2,36747400,9901482,11020,62031738,97864141
td:816,-10 -9 -10 -1 -6 -1 8,2.3631657080202303e-06,1.260494270469066e-06,100000,17,18,3356800,23591,261227967,571,307,571,571,10446,295,44828260,10227508,173778,68819860,107922127
td:816,-10 -9 -10 -1 -6 -1 8,2.3631657080202303e-06,1.0809083074152384e-07,100000,17,22,3356800,23591,261227967,571,36,571,1198,1141,35,46033208,10390608,36474,70428070,110045458
td:816,-10 -9 -10 -1 -6 -1 8,2.3631657080202303e-06,1.1618599374423441e-08,100000,17,26,3356800,23591,261227967,571,2,571,1261,68,2,46856806,9778164,14488,72460824,112397517
td:816,-10 -9 -10 -1 -6 -1 8,0.010129507412682133,0.00011735851493623616,300000,5,11,28797568,140448,2301754412,23465031,273156,15310131,32611576,8965354,264997,106630220,1178497638,65303170,1392533086,2311831068
td:816,-10 -9 -10 -1 -6 -1 8,0.010129507412682133,1.573732817525093e-05,300000,5,14,28797568,140448,2301754412,23465031,36916,15310131,33089721,1212578,35892,107869094,1114439844,12517066,1275661376,2116725634
td:816,-10 -9 -10 -1 -6 -1 8,0.010129507412682133,1.260494270469066e-06,300000,5,18,28797568,140448,2301754412,23465031,2941,15310131,33162068,97857,2886,112548064,1112706300,1711402,1270350530,2095148717
td:816,-10 -9 -10 -1 -6 -1 8,0.010129507412682133,1.0809083074152384e-07,300000,5,22,28797568,140448,2301754412,23465031,252,15310131,33167858,8023,246,112714326,1116334908,266332,1277608244,2096021002
td:816,-10 -9 -10 -1 -6 -1 8,0.010129507412682133,1.1618599374423441e-08,300000,5,26,28797568,140448,2301754412,23465031,25,15310131,33168369,808,25,117580992,1119608350,76548,1286648070,2099535251
td:816,-10 -9 -10 -1 -6 -1 8,0.0010327060187571297,0.00011735851493623616,300000,8,11,28797568,140448,2301754412,2406111,273156,2285265,3951329,8965354,264997,158329410,323905050,64138866,588457338,949950287
td:816,-10 -9 -10 -1 -6 -1 8,0.0010327060187571297,1.573732817525093e-05,300000,8,14,28797568,140448,2301754412,2406111,36916,2285265,4429474,1212578,35892,157975246,256229356,12439262,468797724,756167837
td:816,-10 -9 -10 -1 -6 -1 8,0.0010327060187571297,1.260494270469066e-06,300000,8,18,28797568,140448,2301754412,2406111,2941,2285265,4501821,97857,2886,164554224,249159734,1467474,458475740,733277834
td:816,-10 -9 -10 -1 -6 -1 8,0.0010327060187571297,1.0809083074152384e-07,300000,8,22,28797568,140448,2301754412,2406111,252,2285265,4507611,8023,246,165911948,247910324,196106,458701814,737277561
td:816,-10 -9 -10 -1 -6 -1 8,0.0010327060187571297,1.1618599374423441e-08,300000,8,26,28797568,140448,2301754412,2406111,25,2285265,4508122,808,25,170052302,249899938,63368,468379942,746733658
td:816,-10 -9 -10 -1 -6 -1 8,0.00011735851493623616,0.00011735851493623616,300000,11,11,28797568,140448,2301754412,273156,273156,271465,0,8965354,264997,209542780,152683190,63542252,469433510,757114706
td:816,-10 -9 -10 -1 -6 -1 8,0.00011735851493623616,1.573732817525093e-05,300000,11,14,28797568,140448,2301754412,273156,36916,271465,478145,1212578,35892,213314042,116605622,12189752,384697980,615207842
td:816,-10 -9 -10 -1 -6 -1 8,0.00011735851493623616,1.260494270469066e-06,300000,11,18,28797568,140448,2301754412,273156,2941,271465,550492,97857,2886,214146626,105689566,1403910,368835966,589447428
td:816,-10 -9 -10 -1 -6 -1 8,0.00011735851493623616,1.0809083074152384e-07,300000,11,22,28797568,140448,2301754412,273156,252,271465,556282,8023,246,213564216,103843966,183768,362127378,589001028
td:816,-10 -9 -10 -1 -6 -1 8,0.00011735851493623616,1.1618599374423441e-08,300000,11,26,28797568,140448,2301754412,273156,25,271465,556793,808,25,213044582,101740938,42060,366217418,603333628
td:816,-10 -9 -10 -1 -6 -1 8,1.573732817525093e-05,1.573732817525093e-05,300000,14,14,28797568,140448,2301754412,36916,36916,36887,0,1212578,35892,285769138,70927502,12641986,413250552,639846303
td:816,-10 -9 -10 -1 -6 -1 8,1.573732817525093e-05,1.260494270469066e-06,300000,14,18,28797568,140448,2301754412,36916,2941,36887,72347,97857,2886,275691956,83526972,1436064,405278730,651630224
td:816,-10 -9 -10 -1 -6 -1 8,1.573732817525093e-05,1.0809083074152384e-07,300000,14,22,28797568,140448,2301754412,36916,252,36887,78137,8023,246,290565008,85193328,190114,423039812,657889795
td:816,-10 -9 -10 -1 -6 -1 8,1.573732817525093e-05,1.1618599374423441e-08,300000,14,26,28797568,140448,2301754412,36916,25,36887,78648,808,25,281580090,81635214,36026,410867238,669657556
td:816,-10 -9 -10 -1 -6 -1 8,2.3631657080202303e-06,1.260494270469066e-06,300000,17,18,28797568,140448,2301754412,5488,2941,5488,5488,97857,2886,353198654,80393342,1390650,479698226,767868830
td:816,-10 -9 -10 -1 -6 -1 8,2.3631657080202303e-06,1.0809083074152384e-07,300000,17,22,28797568,140448,2301754412,5488,252,5488,11278,8023,246,355263288,80201996,190748,483598276,772992598
td:816,-10 -9 -10 -1 -6 -1 8,2.3631657080202303e-06,1.1618599374423441e-08,300000,17,26,28797568,140448,2301754412,5488,25,5488,11789,808,25,363987672,80051786,35984,493957942,791449168
td:340,10 9 -10 6 8 9 -3,0.010455610705754185,0.00012758512329617017,100000,5,11,4138240,26104,411495410,4366256,53868,2294654,5159511,1760536,45937,16888582,148965852,13648980,195899108,318358042
td:340,10 9 -10 6 8 9 -3,0.010455610705754185,1.8152444341771475e-05,100000,5,14,4138240,26104,411495410,4366256,7680,2294654,5254668,251804,6410,17534982,140188600,2734796,177449504,282498603
td:340,10 9 -10 6 8 9 -3,0.010455610705754185,1.7049535156800298e-06,100000,5,18,4138240,26104,411495410,4366256,695,2294654,5270049,22887,575,18471050,138776030,394952,176015662,278932527
td:340,10 9 -10 6 8 9 -3,0.010455610705754185,2.1074510690423294e-07,100000,5,22,4138240,26104,411495410,4366256,170,2294654,5271678,5551,74,19188068,142049062,115888,180670842,280604886
td:340,10 9 -10 6 8 9 -3,0.010455610705754185,3.063977691206588e-08,100000,5,26,4138240,26104,411495410,4366256,92,2294654,5272212,2934,10,18981108,135438234,58116,174301870,283619104
td:340,10 9 -10 6 8 9 -3,0.0010337748094622465,0.00012758512329617017,100000,8,11,4138240,26104,411495410,432772,53868,395084,698175,1760536,45937,26277324,55873924,13377914,111746142,177288983
td:340,10 9 -10 6 8 9 -3,0.0010337748094622465,1.8152444341771475e-05,100000,8,14,4138240,26104,411495410,432772,7680,395084,793332,251804,6410,26261904,44306510,2658696,89138140,141798404
td:340,10 9 -10 6 8 9 -3,0.0010337748094622465,1.7049535156800298e-06,100000,8,18,4138240,26104,411495410,432772,695,395084,808713,22887,575,26810476,42472738,343464,86779046,137569970
td:340,10 9 -10 6 8 9 -3,0.0010337748094622465,2.1074510690423294e-07,100000,8,22,4138240,26104,411495410,432772,170,395084,810342,5551,74,28518166,43602218,99968,91196416,140603051
td:340,10 9 -10 6 8 9 -3,0.0010337748094622465,3.063977691206588e-08,100000,8,26,4138240,26104,411495410,432772,92,395084,810876,2934,10,28858418,43556270,62086,92498236,142161017
td:340,10 9 -10 6 8 9 -3,0.00012758512329617017,0.00012758512329617017,100000,11,11,4138240,26104,411495410,53868,53868,53251,0,1760536,45937,36134784,26241278,13484074,91872092,145528935
td:340,10 9 -10 6 8 9 -3,0.00012758512329617017,1.8152444341771475e-05,100000,11,14,4138240,26104,411495410,53868,7680,53251,95157,251804,6410,37461904,19670320,2659162,76841528,118289060
td:340,10 9 -10 6 8 9 -3,0.00012758512329617017,1.7049535156800298e-06,100000,11,18,4138240,26104,411495410,53868,695,53251,110538,22887,575,37212700,17713474,357804,73203312,112869589
td:340,10 9 -10 6 8 9 -3,0.00012758512329617017,2.1074510690423294e-07,100000,11,22,4138240,26104,411495410,53868,170,53251,112167,5551,74,39321708,17680682,126474,76335202,117484658
td:340,10 9 -10 6 8 9 -3,0.00012758512329617017,3.063977691206588e-08,100000,11,26,4138240,26104,411495410,53868,92,53251,112701,2934,10,37502642,17672784,60234,75314070,115258593
td:340,10 9 -10 6 8 9 -3,1.8152444341771475e-05,1.8152444341771475e-05,100000,14,14,4138240,26104,411495410,7680,7680,7665,0,251804,6410,49172180,11993522,2678342,80902168,124701924
td:340,10 9 -10 6 8 9 -3,1.8152444341771475e-05,1.7049535156800298e-06,100000,14,18,4138240,26104,411495410,7680,695,7665,15381,22887,575,50377520,15585200,353802,85041942,128153276
td:340,10 9 -10 6 8 9 -3,1.8152444341771475e-05,2.1074510690423294e-07,100000,14,22,4138240,26104,411495410,7680,170,7665,17010,5551,74,53158244,15685276,111672,88977588,131081495
td:340,10 9 -10 6 8 9 -3,1.8152444341771475e-05,3.063977691206588e-08,100000,14,26,4138240,26104,411495410,7680,92,7665,17544,2934,10,55311360,15062632,61568,92023876,134968434
td:340,10 9 -10 6 8 9 -3,2.9994853001830403e-06,1.7049535156800298e-06,100000,17,18,4138240,26104,411495410,1127,695,1126,1126,22887,575,70873598,17085880,469724,115033458,148080447
td:340,10 9 -10 6 8 9 -3,2.9994853001830403e-06,2.1074510690423294e-07,100000,17,22,4138240,26104,411495410,1127,170,1126,2755,5551,74,62045744,15059992,94506,97381202,149792090
td:340,10 9 -10 6 8 9 -3,2.9994853001830403e-06,3.063977691206588e-08,100000,17,26,4138240,26104,411495410,1127,92,1126,3289,2934,10,63745776,14624082,60170,98875824,152714205
td:340,10 9 -10 6 8 9 -3,0.010455610705754185,0.00012758512329617017,300000,5,11,35822064,164933,3639252526,38314889,470095,20272497,45477653,15375876,402811,132360478,1327324900,101311548,1619976786,2658145816
td:340,10 9 -10 6 8 9 -3,0.010455610705754185,1.8152444341771475e-05,300000,5,14,35822064,164933,3639252526,38314889,67174,20272497,46308421,2207650,57379,133096446,1228393320,20434874,1442688980,2336583510
td:340,10 9 -10 6 8 9 -3,0.010455610705754185,1.7049535156800298e-06,300000,5,18,35822064,164933,3639252526,38314889,5373,20272497,46441559,175643,4913,139093338,1207085432,2695368,1412407612,2308560605
td:340,10 9 -10 6 8 9 -3,0.010455610705754185,2.1074510690423294e-07,300000,5,22,35822064,164933,3639252526,38314889,899,20272497,46453362,29166,602,141871070,1209672774,574282,1418114490,2313703188
td:340,10 9 -10 6 8 9 -3,0.010455610705754185,3.063977691206588e-08,300000,5,26,35822064,164933,3639252526,38314889,350,20272497,46455833,11035,92,143552178,1200530978,209388,1413943812,2316079374
td:340,10 9 -10 6 8 9 -3,0.0010337748094622465,0.00012758512329617017,300000,8,11,35822064,164933,3639252526,3789270,470095,3466188,6113375,15375876,402811,193906598,481045430,96681288,828166610,1358223329
td:340,10 9 -10 6 8 9 -3,0.0010337748094622465,1.8152444341771475e-05,300000,8,14,35822064,164933,3639252526,3789270,67174,3466188,6944143,2207650,57379,200479214,370816342,19905022,650308422,1052652950
td:340,10 9 -10 6 8 9 -3,0.0010337748094622465,1.7049535156800298e-06,300000,8,18,35822064,164933,3639252526,3789270,5373,3466188,7077281,175643,4913,201909558,349500144,2482742,620042354,1006003549
td:340,10 9 -10 6 8 9 -3,0.0010337748094622465,2.1074510690423294e-07,300000,8,22,35822064,164933,3639252526,3789270,899,3466188,7089084,29166,602,212263556,357139504,464588,634858328,1012511828
td:340,10 9 -10 6 8 9 -3,0.0010337748094622465,3.063977691206588e-08,300000,8,26,35822064,164933,3639252526,3789270,350,3466188,7091555,11035,92,214823206,355119484,155870,636819950,1022539143
td:340,10 9 -10 6 8 9 -3,0.00012758512329617017,0.00012758512329617017,300000,11,11,35822064,164933,3639252526,470095,470095,464606,0,15375876,402811,273632856,236593324,98160118,667702108,1068858565
td:340,10 9 -10 6 8 9 -3,0.00012758512329617017,1.8152444341771475e-05,300000,11,14,35822064,164933,3639252526,470095,67174,464606,830768,2207650,57379,268855286,158829482,18695342,504444174,826483804
td:340,10 9 -10 6 8 9 -3,0.00012758512329617017,1.7049535156800298e-06,300000,11,18,35822064,164933,3639252526,470095,5373,464606,963906,175643,4913,276261934,146315780,2261724,487577526,771242920
td:340,10 9 -10 6 8 9 -3,0.00012758512329617017,2.1074510690423294e-07,300000,11,22,35822064,164933,3639252526,470095,899,464606,975709,29166,602,282474566,142000484,422240,489499906,791008944
td:340,10 9 -10 6 8 9 -3,0.00012758512329617017,3.063977691206588e-08,300000,11,26,35822064,164933,3639252526,470095,350,464606,978180,11035,92,293602784,144039368,146286,506665076,806620606
td:340,10 9 -10 6 8 9 -3,1.8152444341771475e-05,1.8152444341771475e-05,300000,14,14,35822064,164933,3639252526,67174,67174,67063,0,2207650,57379,371490920,99873170,19762596,552971070,864252231
td:340,10 9 -10 6 8 9 -3,1.8152444341771475e-05,1.7049535156800298e-06,300000,14,18,35822064,164933,3639252526,67174,5373,67063,133138,175643,4913,365276814,115768478,2303422,550566616,875699028
td:340,10 9 -10 6 8 9 -3,1.8152444341771475e-05,2.1074510690423294e-07,300000,14,22,35822064,164933,3639252526,67174,899,67063,144941,29166,602,397234734,124214596,500350,593972108,874133358
td:340,10 9 -10 6 8 9 -3,1.8152444341771475e-05,3.063977691206588e-08,300000,14,26,35822064,164933,3639252526,67174,350,67063,147412,11035,92,391988558,116910506,155684,580454414,904330552
td:340,10 9 -10 6 8 9 -3,2.9994853001830403e-06,1.7049535156800298e-06,300000,17,18,35822064,164933,3639252526,9194,5373,9193,9193,175643,4913,470027030,117459656,2384042,655388048,1027500733
td:340,10 9 -10 6 8 9 -3,2.9994853001830403e-06,2.1074510690423294e-07,300000,17,22,35822064,164933,3639252526,9194,899,9193,20996,29166,602,475972768,115958584,433584,660190532,1037689170
td:340,10 9 -10 6 8 9 -3,2.9994853001830403e-06,3.063977691206588e-08,300000,17,26,35822064,164933,3639252526,9194,350,9193,23467,11035,92,476404354,111354382,155406,657864944,1050754596
td:750,10 -2 -5 0 -10 3 9,0.014733866189230957,0.00014128409461500296,100000,5,11,11416608,58248,728114562,12241185,139299,7572257,16292521,3933799,106294,43530620,457060322,30430106,549577408,879971929
td:750,10 -2 -5 0 -10 3 9,0.014733866189230957,1.5985336001157243e-05,100000,5,14,11416608,58248,728114562,12241185,26850,7572257,16545473,462626,11936,44830670,435634434,5168322,505349638,793308057
td:750,10 -2 -5 0 -10 3 9,0.014733866189230957,1.0550633597056143e-06,100000,5,18,11416608,58248,728114562,12241185,12879,7572257,16622627,43554,874,45009912,424316494,640192,489758920,783212462
td:750,10 -2 -5 0 -10 3 9,0.014733866189230957,8.626703924856651e-08,100000,5,22,11416608,58248,728114562,12241185,11794,7572257,16672072,14410,76,45114116,413115950,121156,478771938,787183457
td:750,10 -2 -5 0 -10 3 9,0.014733866189230957,1.1689434908400263e-08,100000,5,26,11416608,58248,728114562,12241185,11543,7572257,16718724,11827,12,46203204,418998448,58712,487697246,795637431
td:750,10 -2 -5 0 -10 3 9,0.0013893143879222351,0.00014128409461500296,100000,8,11,11416608,58248,728114562,1206136,139299,1145064,1980253,3933799,106294,62761430,154240940,29321070,267724338,415420109
td:750,10 -2 -5 0 -10 3 9,0.0013893143879222351,1.5985336001157243e-05,100000,8,14,11416608,58248,728114562,1206136,26850,1145064,2233205,462626,11936,62583738,118578508,4602872,203219612,332079289
td:750,10 -2 -5 0 -10 3 9,0.0013893143879222351,1.0550633597056143e-06,100000,8,18,11416608,58248,728114562,1206136,12879,1145064,2310359,43554,874,63534136,116555860,539392,198979100,322870313
td:750,10 -2 -5 0 -10 3 9,0.0013893143879222351,8.626703924856651e-08,100000,8,22,11416608,58248,728114562,1206136,11794,1145064,2359804,14410,76,66815298,117936060,114602,204879104,327146129
td:750,10 -2 -5 0 -10 3 9,0.0013893143879222351,1.1689434908400263e-08,100000,8,26,11416608,58248,728114562,1206136,11543,1145064,2406456,11827,12,66880948,116897316,58672,204758420,330707193
td:750,10 -2 -5 0 -10 3 9,0.00014128409461500296,0.00014128409461500296,100000,11,11,11416608,58248,728114562,139299,139299,138485,0,3933799,106294,84425480,63982576,27991290,193404138,309486886
td:750,10 -2 -5 0 -10 3 9,0.00014128409461500296,1.5985336001157243e-05,100000,11,14,11416608,58248,728114562,139299,26850,138485,252952,462626,11936,91972132,50861646,4785888,166527980,252289179
td:750,10 -2 -5 0 -10 3 9,0.00014128409461500296,1.0550633597056143e-06,100000,11,18,11416608,58248,728114562,139299,12879,138485,330106,43554,874,90365418,46826762,496488,157012204,242414243
td:750,10 -2 -5 0 -10 3 9,0.00014128409461500296,8.626703924856651e-08,100000,11,22,11416608,58248,728114562,139299,11794,138485,379551,14410,76,91144072,46120978,108266,157231132,244769277
td:750,10 -2 -5 0 -10 3 9,0.00014128409461500296,1.1689434908400263e-08,100000,11,26,11416608,58248,728114562,139299,11543,138485,426203,11827,12,92025044,47676954,60992,161744494,249726567
td:750,10 -2 -5 0 -10 3 9,1.5985336001157243e-05,1.5985336001157243e-05,100000,14,14,11416608,58248,728114562,26850,26850,26836,0,462626,11936,115750186,28392136,4636794,167521736,260030565
td:750,10 -2 -5 0 -10 3 9,1.5985336001157243e-05,1.0550633597056143e-06,100000,14,18,11416608,58248,728114562,26850,12879,26836,77154,43554,874,113457088,35443000,480564,167842652,267392286
td:750,10 -2 -5 0 -10 3 9,1.5985336001157243e-05,8.626703924856651e-08,100000,14,22,11416608,58248,728114562,26850,11794,26836,126599,14410,76,114214772,34757010,113630,169287764,272979039
td:750,10 -2 -5 0 -10 3 9,1.5985336001157243e-05,1.1689434908400263e-08,100000,14,26,11416608,58248,728114562,26850,11543,26836,173251,11827,12,111286824,36513170,54636,168914312,271932521
td:750,10 -2 -5 0 -10 3 9,2.046064317505333e-06,1.0550633597056143e-06,100000,17,18,11416608,58248,728114562,14192,12879,14192,14192,43554,874,149785748,36023900,477372,205612620,326477039
td:750,10 -2 -5 0 -10 3 9,2.046064317505333e-06,8.626703924856651e-08,100000,17,22,11416608,58248,728114562,14192,11794,14192,63637,14410,76,155230686,37835310,93744,214168992,332442103
td:750,10 -2 -5 0 -10 3 9,2.046064317505333e-06,1.1689434908400263e-08,100000,17,26,11416608,58248,728114562,14192,11543,14192,110289,11827,12,153516624,35479544,58494,210021526,334732456
td:750,10 -2 -5 0 -10 3 9,0.014733866189230957,0.00014128409461500296,300000,5,11,101270064,430570,6458593057,108143276,1155072,67087035,143884637,34684023,940898,368417350,4055126924,237454408,4751027094,7724459654
td:750,10 -2 -5 0 -10 3 9,0.014733866189230957,1.5985336001157243e-05,300000,5,14,101270064,430570,6458593057,108143276,164483,67087035,145893802,4001663,107239,371689990,3784998630,38015736,4283496504,6989951911
td:750,10 -2 -5 0 -10 3 9,0.014733866189230957,1.0550633597056143e-06,300000,5,18,101270064,430570,6458593057,108143276,44673,67087035,146285780,324038,7886,390675824,3846756870,5635466,4338299442,6972670689
td:750,10 -2 -5 0 -10 3 9,0.014733866189230957,8.626703924856651e-08,300000,5,22,101270064,430570,6458593057,108143276,35728,67087035,146445437,59367,675,391924028,3809376578,837786,4297753376,6962497649
td:750,10 -2 -5 0 -10 3 9,0.014733866189230957,1.1689434908400263e-08,300000,5,26,101270064,430570,6458593057,108143276,34525,67087035,146585857,38130,109,430485730,4066696666,396388,4602176598,7014191332
td:750,10 -2 -5 0 -10 3 9,0.0013893143879222351,0.00014128409461500296,300000,8,11,101270064,430570,6458593057,10573257,1155072,10049578,17273265,34684023,940898,567246590,1402865350,237715100,2299751546,3512191163
td:750,10 -2 -5 0 -10 3 9,0.0013893143879222351,1.5985336001157243e-05,300000,8,14,101270064,430570,6458593057,10573257,164483,10049578,19282430,4001663,107239,548468646,1073231240,35907686,1745242430,2766849696
td:750,10 -2 -5 0 -10 3 9,0.0013893143879222351,1.0550633597056143e-06,300000,8,18,101270064,430570,6458593057,10573257,44673,10049578,19674408,324038,7886,559320064,1043933094,4360450,1702111374,2685737881
td:750,10 -2 -5 0 -10 3 9,0.0013893143879222351,8.626703924856651e-08,300000,8,22,101270064,430570,6458593057,10573257,35728,10049578,19834065,59367,675,562684998,1037380736,704546,1692441506,2665461438
td:750,10 -2 -5 0 -10 3 9,0.0013893143879222351,1.1689434908400263e-08,300000,8,26,101270064,430570,6458593057,10573257,34525,10049578,19974485,38130,109,579903210,1055503564,239686,1731077722,2725534023
td:750,10 -2 -5 0 -10 3 9,0.00014128409461500296,0.00014128409461500296,300000,11,11,101270064,430570,6458593057,1155072,1155072,1148584,0,34684023,940898,807056074,641267466,256828498,1801628312,2603673933
td:750,10 -2 -5 0 -10 3 9,0.00014128409461500296,1.5985336001157243e-05,300000,11,14,101270064,430570,6458593057,1155072,164483,1148584,2009165,4001663,107239,820966114,469229108,38577820,1427358186,2036692817
td:750,10 -2 -5 0 -10 3 9,0.00014128409461500296,1.0550633597056143e-06,300000,11,18,101270064,430570,6458593057,1155072,44673,1148584,2401143,324038,7886,834133782,436676494,4269424,1376273920,1965088719
td:750,10 -2 -5 0 -10 3 9,0.00014128409461500296,8.626703924856651e-08,300000,11,22,101270064,430570,6458593057,1155072,35728,1148584,2560800,59367,675,840946118,433764348,859334,1383164818,1992692558
td:750,10 -2 -5 0 -10 3 9,0.00014128409461500296,1.1689434908400263e-08,300000,11,26,101270064,430570,6458593057,1155072,34525,1148584,2701220,38130,109,775818790,394498064,216304,1267882950,1996925219
td:750,10 -2 -5 0 -10 3 9,1.5985336001157243e-05,1.5985336001157243e-05,300000,14,14,101270064,430570,6458593057,164483,164483,164392,0,4001663,107239,939997956,243050356,34352856,1308873910,2109424911
td:750,10 -2 -5 0 -10 3 9,1.5985336001157243e-05,1.0550633597056143e-06,300000,14,18,101270064,430570,6458593057,164483,44673,164392,391978,324038,7886,963482728,334241284,3917304,1395279914,2165378349
td:750,10 -2 -5 0 -10 3 9,1.5985336001157243e-05,8.626703924856651e-08,300000,14,22,101270064,430570,6458593057,164483,35728,164392,551635,59367,675,982616434,319518006,523842,1398166230,2208507482
td:750,10 -2 -5 0 -10 3 9,1.5985336001157243e-05,1.1689434908400263e-08,300000,14,26,101270064,430570,6458593057,164483,34525,164392,692055,38130,109,1008207844,329501204,199296,1436439712,2255022321
td:750,10 -2 -5 0 -10 3 9,2.046064317505333e-06,1.0550633597056143e-06,300000,17,18,101270064,430570,6458593057,54176,44673,54173,54173,324038,7886,1308710076,331478232,4005852,1745497200,2711139197
td:750,10 -2 -5 0 -10 3 9,2.046064317505333e-06,8.626703924856651e-08,300000,17,22,101270064,430570,6458593057,54176,35728,54173,213830,59367,675,1259983872,326469410,642730,1687213648,2630747374
td:750,10 -2 -5 0 -10 3 9,2.046064317505333e-06,1.1689434908400263e-08,300000,17,26,101270064,430570,6458593057,54176,34525,54173,354250,38130,109,1371805856,333694448,300644,1818011386,2777538663
td:98,10 -4 1 4 10 1 -5,0.012333011239370879,0.0001539640387577072,100000,5,11,6713872,39058,555145896,6899312,88229,4106127,9054732,2857966,72682,27143808,257339394,23326980,328318238,522221738
td:98,10 -4 1 4 10 1 -5,0.012333011239370879,2.059116627575185e-05,100000,5,14,6713872,39058,555145896,6899312,11930,4106127,9209895,382648,9771,28759152,242416550,4544640,297597932,463458546
td:98,10 -4 1 4 10 1 -5,0.012333011239370879,1.5918327162481968e-06,100000,5,18,6713872,39058,555145896,6899312,891,4106127,9232763,28751,736,29039998,237104524,474774,289772954,454557002
td:98,10 -4 1 4 10 1 -5,0.012333011239370879,1.3937011292991265e-07,100000,5,22,6713872,39058,555145896,6899312,90,4106127,9234550,3072,78,30345352,237707572,92442,292974340,460585581
td:98,10 -4 1 4 10 1 -5,0.012333011239370879,1.6304555371456952e-08,100000,5,26,6713872,39058,555145896,6899312,9,4106127,9234719,330,8,30728744,239663292,25450,295874742,461339613
td:98,10 -4 1 4 10 1 -5,0.0012812289129030367,0.0001539640387577072,100000,8,11,6713872,39058,555145896,721660,88229,676540,1192554,2857966,72682,41042338,94248532,22181304,177135696,282828507
td:98,10 -4 1 4 10 1 -5,0.0012812289129030367,2.059116627575185e-05,100000,8,14,6713872,39058,555145896,721660,11930,676540,1347717,382648,9771,41376652,73683016,4192136,139161736,221958798
td:98,10 -4 1 4 10 1 -5,0.0012812289129030367,1.5918327162481968e-06,100000,8,18,6713872,39058,555145896,721660,891,676540,1370585,28751,736,44866492,74808066,460534,143017072,216499901
td:98,10 -4 1 4 10 1 -5,0.0012812289129030367,1.3937011292991265e-07,100000,8,22,6713872,39058,555145896,721660,90,676540,1372372,3072,78,45640836,72778058,84536,142973064,220827439
td:98,10 -4 1 4 10 1 -5,0.0012812289129030367,1.6304555371456952e-08,100000,8,26,6713872,39058,555145896,721660,9,676540,1372541,330,8,45206384,72586088,21308,142571182,220922419
td:98,10 -4 1 4 10 1 -5,0.0001539640387577072,0.0001539640387577072,100000,11,11,6713872,39058,555145896,88229,88229,87466,0,2857966,72682,56232842,43703746,22194170,142665914,221942785
td:98,10 -4 1 4 10 1 -5,0.0001539640387577072,2.059116627575185e-05,100000,11,14,6713872,39058,555145896,88229,11930,87466,155163,382648,9771,57835322,31525320,4193568,115210182,178836834
td:98,10 -4 1 4 10 1 -5,0.0001539640387577072,1.5918327162481968e-06,100000,11,18,6713872,39058,555145896,88229,891,87466,178031,28751,736,59770528,28754288,414526,112277136,173002344
td:98,10 -4 1 4 10 1 -5,0.0001539640387577072,1.3937011292991265e-07,100000,11,22,6713872,39058,555145896,88229,90,87466,179818,3072,78,62465890,28799146,79900,115640420,174922428
td:98,10 -4 1 4 10 1 -5,0.0001539640387577072,1.6304555371456952e-08,100000,11,26,6713872,39058,555145896,88229,9,87466,179987,330,8,64509150,28954572,27198,120367444,180102887
td:98,10 -4 1 4 10 1 -5,2.059116627575185e-05,2.059116627575185e-05,100000,14,14,6713872,39058,555145896,11930,11930,11910,0,382648,9771,79654310,19240618,4380564,125638150,185629999
td:98,10 -4 1 4 10 1 -5,2.059116627575185e-05,1.5918327162481968e-06,100000,14,18,6713872,39058,555145896,11930,891,11910,22868,28751,736,78041812,23182130,434866,128076382,191586889
td:98,10 -4 1 4 10 1 -5,2.059116627575185e-05,1.3937011292991265e-07,100000,14,22,6713872,39058,555145896,11930,90,11910,24655,3072,78,81323744,21573356,80700,128047166,197850334
td:98,10 -4 1 4 10 1 -5,2.059116627575185e-05,1.6304555371456952e-08,100000,14,26,6713872,39058,555145896,11930,9,11910,24824,330,8,82302502,21606042,22468,131293908,197024549
td:98,10 -4 1 4 10 1 -5,2.956260758746651e-06,1.5918327162481968e-06,100000,17,18,6713872,39058,555145896,1668,891,1666,1666,28751,736,106977830,25803570,452842,159093622,223568942
td:98,10 -4 1 4 10 1 -5,2.956260758746651e-06,1.3937011292991265e-07,100000,17,22,6713872,39058,555145896,1668,90,1666,3453,3072,78,106794694,22503714,71468,156681458,227434674
td:98,10 -4 1 4 10 1 -5,2.956260758746651e-06,1.6304555371456952e-08,100000,17,26,6713872,39058,555145896,1668,9,1666,3622,330,8,126098624,23902512,59008,180211964,248531587
td:98,10 -4 1 4 10 1 -5,0.012333011239370879,0.0001539640387577072,300000,5,11,58534624,262892,4939079821,61077572,771953,36484046,80291337,25045145,638778,224244514,2312898444,177146924,2800673008,4459140130
td:98,10 -4 1 4 10 1 -5,0.012333011239370879,2.059116627575185e-05,300000,5,14,58534624,262892,4939079821,61077572,103825,36484046,81649983,3360659,85745,230296246,2150130654,34653484,2507815786,3939471950
td:98,10 -4 1 4 10 1 -5,0.012333011239370879,1.5918327162481968e-06,300000,5,18,58534624,262892,4939079821,61077572,7960,36484046,81849804,256603,6582,237790420,2133359108,4148168,2465718070,3872928593
td:98,10 -4 1 4 10 1 -5,0.012333011239370879,1.3937011292991265e-07,300000,5,22,58534624,262892,4939079821,61077572,704,36484046,81865721,22373,559,239937062,2107175432,621244,2440112990,3882779739
td:98,10 -4 1 4 10 1 -5,0.012333011239370879,1.6304555371456952e-08,300000,5,26,58534624,262892,4939079821,61077572,86,36484046,81867146,2539,73,244001146,2114129276,183968,2452918358,3890606344
td:98,10 -4 1 4 10 1 -5,0.0012812289129030367,0.0001539640387577072,300000,8,11,58534624,262892,4939079821,6373580,771953,5979135,10520484,25045145,638778,334235808,845800354,173527070,1436462600,2246331471
td:98,10 -4 1 4 10 1 -5,0.0012812289129030367,2.059116627575185e-05,300000,8,14,58534624,262892,4939079821,6373580,103825,5979135,11879130,3360659,85745,338582886,653301648,32755252,1107349156,1724629437
td:98,10 -4 1 4 10 1 -5,0.0012812289129030367,1.5918327162481968e-06,300000,8,18,58534624,262892,4939079821,6373580,7960,5979135,12078951,256603,6582,341180394,617073374,3594954,1046178932,1656057091
td:98,10 -4 1 4 10 1 -5,0.0012812289129030367,1.3937011292991265e-07,300000,8,22,58534624,262892,4939079821,6373580,704,5979135,12094868,22373,559,345444722,608856086,484298,1046494428,1649842817
td:98,10 -4 1 4 10 1 -5,0.0012812289129030367,1.6304555371456952e-08,300000,8,26,58534624,262892,4939079821,6373580,86,5979135,12096293,2539,73,362877488,628319688,176904,1084140164,1676553119
td:98,10 -4 1 4 10 1 -5,0.0001539640387577072,0.0001539640387577072,300000,11,11,58534624,262892,4939079821,771953,771953,765460,0,25045145,638778,433388734,383476374,164069440,1059818160,1719572031
td:98,10 -4 1 4 10 1 -5,0.0001539640387577072,2.059116627575185e-05,300000,11,14,58534624,262892,4939079821,771953,103825,765460,1358646,3360659,85745,428529404,258275352,29590986,800296764,1310217860
td:98,10 -4 1 4 10 1 -5,0.0001539640387577072,1.5918327162481968e-06,300000,11,18,58534624,262892,4939079821,771953,7960,765460,1558467,256603,6582,453091766,237032028,3371818,785516596,1237471503
td:98,10 -4 1 4 10 1 -5,0.0001539640387577072,1.3937011292991265e-07,300000,11,22,58534624,262892,4939079821,771953,704,765460,1574384,22373,559,480527382,243342380,491788,814822884,1255422631
td:98,10 -4 1 4 10 1 -5,0.0001539640387577072,1.6304555371456952e-08,300000,11,26,58534624,262892,4939079821,771953,86,765460,1575809,2539,73,477482982,238462412,109754,808547208,1262619099
td:98,10 -4 1 4 10 1 -5,2.059116627575185e-05,2.059116627575185e-05,300000,14,14,58534624,262892,4939079821,103825,103825,103716,0,3360659,85745,581438684,161847918,31537996,858240018,1353589981
td:98,10 -4 1 4 10 1 -5,2.059116627575185e-05,1.5918327162481968e-06,300000,14,18,58534624,262892,4939079821,103825,7960,103716,199821,256603,6582,600882280,191469548,3220548,882488066,1384847090
td:98,10 -4 1 4 10 1 -5,2.059116627575185e-05,1.3937011292991265e-07,300000,14,22,58534624,262892,4939079821,103825,704,103716,215738,22373,559,604634724,182515888,433024,881826072,1392644421
td:98,10 -4 1 4 10 1 -5,2.059116627575185e-05,1.6304555371456952e-08,300000,14,26,58534624,262892,4939079821,103825,86,103716,217163,2539,73,638057608,191746102,138234,928846800,1431591883
td:98,10 -4 1 4 10 1 -5,2.956260758746651e-06,1.5918327162481968e-06,300000,17,18,58534624,262892,4939079821,14748,7960,14744,14744,256603,6582,782494624,199142148,3261634,1073547096,1675240302
td:98,10 -4 1 4 10 1 -5,2.956260758746651e-06,1.3937011292991265e-07,300000,17,22,58534624,262892,4939079821,14748,704,14744,30661,22373,559,791550070,190191762,443860,1076455856,1682369486
td:98,10 -4 1 4 10 1 -5,2.956260758746651e-06,1.6304555371456952e-08,300000,17,26,58534624,262892,4939079821,14748,86,14744,32086,2539,73,837228780,192633936,137070,1129949206,1713128677
td:68,-8 -5 6 -7 -1 -4 -2,0.013034105456909152,0.00017102376173056387,100000,5,11,1258240,12467,73675908,963268,12687,669957,1424472,417464,11028,6200620,47865378,4316614,67423084,102155063
td:68,-8 -5 6 -7 -1 -4 -2,0.013034105456909152,2.2524038163425494e-05,100000,5,14,1258240,12467,73675908,963268,1630,669957,1446651,54785,1426,6228996,42621536,663336,58821382,94151199
td:68,-8 -5 6 -7 -1 -4 -2,0.013034105456909152,1.6907181192203407e-06,100000,5,18,1258240,12467,73675908,963268,124,669957,1449806,4404,106,6373534,42680264,78390,59350848,93532752
td:68,-8 -5 6 -7 -1 -4 -2,0.013034105456909152,1.6349588658529387e-07,100000,5,22,1258240,12467,73675908,963268,13,669957,1450059,373,12,6644450,42594590,20718,61068674,95498878
td:68,-8 -5 6 -7 -1 -4 -2,0.013034105456909152,2.023170311287403e-08,100000,5,26,1258240,12467,73675908,963268,0,669957,1450088,0,0,7006038,42837314,0,62198456,97875888
td:68,-8 -5 6 -7 -1 -4 -2,0.0014125474533566043,0.00017102376173056387,100000,8,11,1258240,12467,73675908,104643,12687,100430,176385,417464,11028,9203092,15218372,4009668,37413322,57283722
td:68,-8 -5 6 -7 -1 -4 -2,0.0014125474533566043,2.2524038163425494e-05,100000,8,14,1258240,12467,73675908,104643,1630,100430,198564,54785,1426,9249768,12456918,677704,31986978,48793278
td:68,-8 -5 6 -7 -1 -4 -2,0.0014125474533566043,1.6907181192203407e-06,100000,8,18,1258240,12467,73675908,104643,124,100430,201719,4404,106,9743342,12300006,71098,32707672,48593150
td:68,-8 -5 6 -7 -1 -4 -2,0.0014125474533566043,1.6349588658529387e-07,100000,8,22,1258240,12467,73675908,104643,13,100430,201972,373,12,9983690,11910628,18820,34072886,51930591
td:68,-8 -5 6 -7 -1 -4 -2,0.0014125474533566043,2.023170311287403e-08,100000,8,26,1258240,12467,73675908,104643,0,100430,202001,0,0,9832024,11704536,0,33887256,52307742
td:68,-8 -5 6 -7 -1 -4 -2,0.00017102376173056387,0.00017102376173056387,100000,11,11,1258240,12467,73675908,12687,12687,12628,0,417464,11028,13133990,6920502,4051072,33268550,50902919
td:68,-8 -5 6 -7 -1 -4 -2,0.00017102376173056387,2.2524038163425494e-05,100000,11,14,1258240,12467,73675908,12687,1630,12628,22179,54785,1426,12761046,5496376,651436,28323480,43812619
td:68,-8 -5 6 -7 -1 -4 -2,0.00017102376173056387,1.6907181192203407e-06,100000,11,18,1258240,12467,73675908,12687,124,12628,25334,4404,106,14330608,5664282,75120,31151976,44854971
td:68,-8 -5 6 -7 -1 -4 -2,0.00017102376173056387,1.6349588658529387e-07,100000,11,22,1258240,12467,73675908,12687,13,12628,25587,373,12,13521708,5160836,17098,30565434,46461032
td:68,-8 -5 6 -7 -1 -4 -2,0.00017102376173056387,2.023170311287403e-08,100000,11,26,1258240,12467,73675908,12687,0,12628,25616,0,0,13566140,5076616,0,31241630,47999928
td:68,-8 -5 6 -7 -1 -4 -2,2.2524038163425494e-05,2.2524038163425494e-05,100000,14,14,1258240,12467,73675908,1630,1630,1628,0,54785,1426,18188916,3609444,696874,34313512,47123968
td:68,-8 -5 6 -7 -1 -4 -2,2.2524038163425494e-05,1.6907181192203407e-06,100000,14,18,1258240,12467,73675908,1630,124,1628,3155,4404,106,16210882,4296338,66548,31121516,48828137
td:68,-8 -5 6 -7 -1 -4 -2,2.2524038163425494e-05,1.6349588658529387e-07,100000,14,22,1258240,12467,73675908,1630,13,1628,3408,373,12,16466788,4060790,18146,31641632,50322157
td:68,-8 -5 6 -7 -1 -4 -2,2.2524038163425494e-05,2.023170311287403e-08,100000,14,26,1258240,12467,73675908,1630,0,1628,3437,0,0,16968290,3944054,0,33236910,52379314
td:68,-8 -5 6 -7 -1 -4 -2,3.2047940468803476e-06,1.6907181192203407e-06,100000,17,18,1258240,12467,73675908,231,124,231,231,4404,106,20616948,4162754,68162,34896888,54787944
td:68,-8 -5 6 -7 -1 -4 -2,3.2047940468803476e-06,1.6349588658529387e-07,100000,17,22,1258240,12467,73675908,231,13,231,484,373,12,24702626,4317872,40264,42025394,62657093
td:68,-8 -5 6 -7 -1 -4 -2,3.2047940468803476e-06,2.023170311287403e-08,100000,17,26,1258240,12467,73675908,231,0,231,513,0,0,23982104,4581108,0,42621022,58327360
td:68,-8 -5 6 -7 -1 -4 -2,0.013034105456909152,0.00017102376173056387,300000,5,11,10594128,60157,658538416,8596687,112920,5972840,12689480,3716599,98496,43463064,416126304,29230528,516509932,825058032
td:68,-8 -5 6 -7 -1 -4 -2,0.013034105456909152,2.2524038163425494e-05,300000,5,14,10594128,60157,658538416,8596687,14736,5972840,12887063,486233,12934,44423508,392473344,5502552,471222454,748237269
td:68,-8 -5 6 -7 -1 -4 -2,0.013034105456909152,1.6907181192203407e-06,300000,5,18,10594128,60157,658538416,8596687,1083,5972840,12915407,35875,947,43793962,385825862,581890,460901444,736631827
td:68,-8 -5 6 -7 -1 -4 -2,0.013034105456909152,1.6349588658529387e-07,300000,5,22,10594128,60157,658538416,8596687,113,5972840,12917605,3637,100,46556042,385919224,112540,465541314,743956524
td:68,-8 -5 6 -7 -1 -4 -2,0.013034105456909152,2.023170311287403e-08,300000,5,26,10594128,60157,658538416,8596687,14,5972840,12917859,440,14,50494858,396643044,51286,484166130,754061394
td:68,-8 -5 6 -7 -1 -4 -2,0.0014125474533566043,0.00017102376173056387,300000,8,11,10594128,60157,658538416,934719,112920,896936,1574894,3716599,98496,65758814,136059710,29289974,259902314,398850086
td:68,-8 -5 6 -7 -1 -4 -2,0.0014125474533566043,2.2524038163425494e-05,300000,8,14,10594128,60157,658538416,934719,14736,896936,1772477,486233,12934,66996378,110593614,5533108,213130810,321011172
td:68,-8 -5 6 -7 -1 -4 -2,0.0014125474533566043,1.6907181192203407e-06,300000,8,18,10594128,60157,658538416,934719,1083,896936,1800821,35875,947,69040510,106299452,530876,206859492,316336970
td:68,-8 -5 6 -7 -1 -4 -2,0.0014125474533566043,1.6349588658529387e-07,300000,8,22,10594128,60157,658538416,934719,113,896936,1803019,3637,100,68374398,102967252,90172,203685026,317198508
td:68,-8 -5 6 -7 -1 -4 -2,0.0014125474533566043,2.023170311287403e-08,300000,8,26,10594128,60157,658538416,934719,14,896936,1803273,440,14,68958344,102272108,28542,206152602,322372338
td:68,-8 -5 6 -7 -1 -4 -2,0.00017102376173056387,0.00017102376173056387,300000,11,11,10594128,60157,658538416,112920,112920,112335,0,3716599,98496,88482442,59335358,28257794,204907142,325041737
td:68,-8 -5 6 -7 -1 -4 -2,0.00017102376173056387,2.2524038163425494e-05,300000,11,14,10594128,60157,658538416,112920,14736,112335,197583,486233,12934,87727388,44530758,5127234,166132524,264668379
td:68,-8 -5 6 -7 -1 -4 -2,0.00017102376173056387,1.6907181192203407e-06,300000,11,18,10594128,60157,658538416,112920,1083,112335,225927,35875,947,90262248,42768770,465930,164333944,260622669
td:68,-8 -5 6 -7 -1 -4 -2,0.00017102376173056387,1.6349588658529387e-07,300000,11,22,10594128,60157,658538416,112920,113,112335,228125,3637,100,95397090,43272394,83122,172925654,267646748
td:68,-8 -5 6 -7 -1 -4 -2,0.00017102376173056387,2.023170311287403e-08,300000,11,26,10594128,60157,658538416,112920,14,112335,228379,440,14,96547456,43215510,31140,176654162,272835106
td:68,-8 -5 6 -7 -1 -4 -2,2.2524038163425494e-05,2.2524038163425494e-05,300000,14,14,10594128,60157,658538416,14736,14736,14726,0,486233,12934,114654224,26300330,5211666,176242268,276330203
td:68,-8 -5 6 -7 -1 -4 -2,2.2524038163425494e-05,1.6907181192203407e-06,300000,14,18,10594128,60157,658538416,14736,1083,14726,28344,35875,947,116606952,36104830,510778,185032716,287901549
td:68,-8 -5 6 -7 -1 -4 -2,2.2524038163425494e-05,1.6349588658529387e-07,300000,14,22,10594128,60157,658538416,14736,113,14726,30542,3637,100,122138386,36895774,82826,194654492,294142412
td:68,-8 -5 6 -7 -1 -4 -2,2.2524038163425494e-05,2.023170311287403e-08,300000,14,26,10594128,60157,658538416,14736,14,14726,30796,440,14,122119878,35260666,28454,194498302,300094202
td:68,-8 -5 6 -7 -1 -4 -2,3.2047940468803476e-06,1.6907181192203407e-06,300000,17,18,10594128,60157,658538416,2080,1083,2080,2080,35875,947,146452120,36061072,516276,216706140,328996029
td:68,-8 -5 6 -7 -1 -4 -2,3.2047940468803476e-06,1.6349588658529387e-07,300000,17,22,10594128,60157,658538416,2080,113,2080,4278,3637,100,142410766,35292952,81224,212727286,330378054
td:68,-8 -5 6 -7 -1 -4 -2,3.2047940468803476e-06,2.023170311287403e-08,300000,17,26,10594128,60157,658538416,2080,14,2080,4532,440,14,151030872,35025156,39104,223876062,343253237
td:207,0 1 -7 7 6 3 -8,0.013574872583105533,0.00018832571381572065,100000,5,11,52320,490,5130824,60845,751,30254,70264,24658,620,353414,2329710,209756,4658238,6457299
td:207,0 1 -7 7 6 3 -8,0.013574872583105533,2.3700416395346422e-05,100000,5,14,52320,490,5130824,60845,98,30254,71545,2932,79,343372,2244314,46424,5076638,6270811
td:207,0 1 -7 7 6 3 -8,0.013574872583105533,1.7247543343593935e-06,100000,5,18,52320,490,5130824,60845,5,30254,71718,130,4,329634,2110926,12822,4714980,6405710
td:207,0 1 -7 7 6 3 -8,0.013574872583105533,1.5769246040447065e-07,100000,5,22,52320,490,5130824,60845,0,30254,71730,0,0,356820,2149238,0,5498024,6847596
td:207,0 1 -7 7 6 3 -8,0.013574872583105533,1.736103888425499e-08,100000,5,26,52320,490,5130824,60845,0,30254,71730,0,0,347030,2121148,0,5649864,7052709
td:207,0 1 -7 7 6 3 -8,0.0015313085054596961,0.00018832571381572065,100000,8,11,52320,490,5130824,6310,751,5704,10130,24658,620,413742,849444,201664,3148742,4318045
td:207,0 1 -7 7 6 3 -8,0.0015313085054596961,2.3700416395346422e-05,100000,8,14,52320,490,5130824,6310,98,5704,11411,2932,79,467870,720190,44630,3216040,4182168
td:207,0 1 -7 7 6 3 -8,0.0015313085054596961,1.7247543343593935e-06,100000,8,18,52320,490,5130824,6310,5,5704,11584,130,4,528940,723842,9816,3905138,4447035
td:207,0 1 -7 7 6 3 -8,0.0015313085054596961,1.5769246040447065e-07,100000,8,22,52320,490,5130824,6310,0,5704,11596,0,0,493612,703368,0,4295242,4759404
td:207,0 1 -7 7 6 3 -8,0.0015313085054596961,1.736103888425499e-08,100000,8,26,52320,490,5130824,6310,0,5704,11596,0,0,488566,671482,0,4594112,5111057
td:207,0 1 -7 7 6 3 -8,0.00018832571381572065,0.00018832571381572065,100000,11,11,52320,490,5130824,751,751,740,0,24658,620,666094,468546,242852,3396926,3925977
td:207,0 1 -7 7 6 3 -8,0.00018832571381572065,2.3700416395346422e-05,100000,11,14,52320,490,5130824,751,98,740,1281,2932,79,576034,278768,164838,3285360,3855208
td:207,0 1 -7 7 6 3 -8,0.00018832571381572065,1.7247543343593935e-06,100000,11,18,52320,490,5130824,751,5,740,1454,130,4,603324,256702,8918,3199294,3972897
td:207,0 1 -7 7 6 3 -8,0.00018832571381572065,1.5769246040447065e-07,100000,11,22,52320,490,5130824,751,0,740,1466,0,0,615396,258658,0,3832362,4366727
td:207,0 1 -7 7 6 3 -8,0.00018832571381572065,1.736103888425499e-08,100000,11,26,52320,490,5130824,751,0,740,1466,0,0,589068,243826,0,3595042,4511609
td:207,0 1 -7 7 6 3 -8,2.3700416395346422e-05,2.3700416395346422e-05,100000,14,14,52320,490,5130824,98,98,98,0,2932,79,714702,150556,44132,3174764,3848454
td:207,0 1 -7 7 6 3 -8,2.3700416395346422e-05,1.7247543343593935e-06,100000,14,18,52320,490,5130824,98,5,98,173,130,4,805580,170902,9786,3829152,4246998
td:207,0 1 -7 7 6 3 -8,2.3700416395346422e-05,1.5769246040447065e-07,100000,14,22,52320,490,5130824,98,0,98,185,0,0,781798,168400,0,3668626,4438164
td:207,0 1 -7 7 6 3 -8,2.3700416395346422e-05,1.736103888425499e-08,100000,14,26,52320,490,5130824,98,0,98,185,0,0,918122,191466,0,4426542,4861157
td:207,0 1 -7 7 6 3 -8,3.203115192381731e-06,1.7247543343593935e-06,100000,17,18,52320,490,5130824,13,5,13,13,130,4,1205160,202806,12372,4419992,4392453
td:207,0 1 -7 7 6 3 -8,3.203115192381731e-06,1.5769246040447065e-07,100000,17,22,52320,490,5130824,13,0,13,25,0,0,893718,154302,0,3800818,4744832
td:207,0 1 -7 7 6 3 -8,3.203115192381731e-06,1.736103888425499e-08,100000,17,26,52320,490,5130824,13,0,13,25,0,0,1033214,185380,0,4671502,4906983
td:207,0 1 -7 7 6 3 -8,0.013574872583105533,0.00018832571381572065,300000,5,11,257488,1446,26694452,320811,3897,156943,365419,125146,3235,1184146,11495120,827306,16163206,23983496
td:207,0 1 -7 7 6 3 -8,0.013574872583105533,2.3700416395346422e-05,300000,5,14,257488,1446,26694452,320811,478,156943,372134,14350,402,1204706,10441652,161952,14299046,21710034
td:207,0 1 -7 7 6 3 -8,0.013574872583105533,1.7247543343593935e-06,300000,5,18,257488,1446,26694452,320811,27,156943,373014,822,24,1150226,10429546,19890,13723784,21263997
td:207,0 1 -7 7 6 3 -8,0.013574872583105533,1.5769246040447065e-07,300000,5,22,257488,1446,26694452,320811,3,156943,373071,76,3,1231038,10577562,11678,14942622,21921782
td:207,0 1 -7 7 6 3 -8,0.013574872583105533,1.736103888425499e-08,300000,5,26,257488,1446,26694452,320811,0,156943,373077,0,0,1271090,10334450,0,14961092,22410450
td:207,0 1 -7 7 6 3 -8,0.0015313085054596961,0.00018832571381572065,300000,8,11,257488,1446,26694452,33102,3897,29761,52634,125146,3235,1870692,4066970,781642,8411626,12753305
td:207,0 1 -7 7 6 3 -8,0.0015313085054596961,2.3700416395346422e-05,300000,8,14,257488,1446,26694452,33102,478,29761,59349,14350,402,1699840,3151550,155832,7556184,10718480
td:207,0 1 -7 7 6 3 -8,0.0015313085054596961,1.7247543343593935e-06,300000,8,18,257488,1446,26694452,33102,27,29761,60229,822,24,1689990,3045398,19878,7210388,10446718
td:207,0 1 -7 7 6 3 -8,0.0015313085054596961,1.5769246040447065e-07,300000,8,22,257488,1446,26694452,33102,3,29761,60286,76,3,1733274,3054002,12102,7825190,11002095
td:207,0 1 -7 7 6 3 -8,0.0015313085054596961,1.736103888425499e-08,300000,8,26,257488,1446,26694452,33102,0,29761,60292,0,0,1739040,3139004,0,8367684,11332933
td:207,0 1 -7 7 6 3 -8,0.00018832571381572065,0.00018832571381572065,300000,11,11,257488,1446,26694452,3897,3897,3841,0,125146,3235,2346184,1912614,822540,7260264,10266093
td:207,0 1 -7 7 6 3 -8,0.00018832571381572065,2.3700416395346422e-05,300000,11,14,257488,1446,26694452,3897,478,3841,6715,14350,402,2534590,1254902,157630,6321980,8718825
td:207,0 1 -7 7 6 3 -8,0.00018832571381572065,1.7247543343593935e-06,300000,11,18,257488,1446,26694452,3897,27,3841,7595,822,24,2796332,1400888,22166,7085612,8264782
td:207,0 1 -7 7 6 3 -8,0.00018832571381572065,1.5769246040447065e-07,300000,11,22,257488,1446,26694452,3897,3,3841,7652,76,3,2261872,1135704,10518,6429682,8753574
td:207,0 1 -7 7 6 3 -8,0.00018832571381572065,1.736103888425499e-08,300000,11,26,257488,1446,26694452,3897,0,3841,7658,0,0,2367248,1119910,0,6545562,9140713
td:207,0 1 -7 7 6 3 -8,2.3700416395346422e-05,2.3700416395346422e-05,300000,14,14,257488,1446,26694452,478,478,478,0,14350,402,2850204,675360,150078,5550502,8442559
td:207,0 1 -7 7 6 3 -8,2.3700416395346422e-05,1.7247543343593935e-06,300000,14,18,257488,1446,26694452,478,27,478,880,822,24,2982598,770632,18338,6496816,9020103
td:207,0 1 -7 7 6 3 -8,2.3700416395346422e-05,1.5769246040447065e-07,300000,14,22,257488,1446,26694452,478,3,478,937,76,3,3226050,779142,14154,7047120,9932118
td:207,0 1 -7 7 6 3 -8,2.3700416395346422e-05,1.736103888425499e-08,300000,14,26,257488,1446,26694452,478,0,478,943,0,0,3230092,789752,0,7590336,9960688
td:207,0 1 -7 7 6 3 -8,3.203115192381731e-06,1.7247543343593935e-06,300000,17,18,257488,1446,26694452,58,27,58,58,822,24,4492250,904834,27752,7777314,9661899
td:207,0 1 -7 7 6 3 -8,3.203115192381731e-06,1.5769246040447065e-07,300000,17,22,257488,1446,26694452,58,3,58,115,76,3,3498306,732126,8108,6999732,10157348
td:207,0 1 -7 7 6 3 -8,3.203115192381731e-06,1.736103888425499e-08,300000,17,26,257488,1446,26694452,58,0,58,121,0,0,3563106,677348,0,7555314,10889825
td:195,-4 -2 -6 -3 -6 -2 10,0.016002886574786362,0.0002153164768375577,100000,5,11,5416960,35244,499088317,8088057,122506,4112535,9654784,4033991,91211,22064352,225808852,23969632,288276830,463730399
td:195,-4 -2 -6 -3 -6 -2 10,0.016002886574786362,3.041944644938844e-05,100000,5,14,5416960,35244,499088317,8088057,28889,4112535,9887136,952898,12937,22524198,205919714,4991866,250053166,395035208
td:195,-4 -2 -6 -3 -6 -2 10,0.016002886574786362,2.668585599926618e-06,100000,5,18,5416960,35244,499088317,8088057,9430,4112535,9964720,311653,1072,23365616,205901728,616522,247364942,385988446
td:195,-4 -2 -6 -3 -6 -2 10,0.016002886574786362,2.788186613300315e-07,100000,5,22,5416960,35244,499088317,8088057,8085,4112535,10000043,266868,105,24093504,206096032,146628,249996578,389024465
td:195,-4 -2 -6 -3 -6 -2 10,0.016002886574786362,4.1242077975423344e-08,100000,5,26,5416960,35244,499088317,8088057,7625,4112535,10031561,251739,23,24831438,204378082,67104,249995440,393346658
td:195,-4 -2 -6 -3 -6 -2 10,0.0016691927661922064,0.0002153164768375577,100000,8,11,5416960,35244,499088317,858079,122506,789602,1431202,4033991,91211,32479096,102520896,23879446,174370504,278116515
td:195,-4 -2 -6 -3 -6 -2 10,0.0016691927661922064,3.041944644938844e-05,100000,8,14,5416960,35244,499088317,858079,28889,789602,1663554,952898,12937,33918816,80429948,5022894,136127040,211265255
td:195,-4 -2 -6 -3 -6 -2 10,0.0016691927661922064,2.668585599926618e-06,100000,8,18,5416960,35244,499088317,858079,9430,789602,1741138,311653,1072,33687566,75996074,589570,127728818,200822100
td:195,-4 -2 -6 -3 -6 -2 10,0.0016691927661922064,2.788186613300315e-07,100000,8,22,5416960,35244,499088317,858079,8085,789602,1776461,266868,105,37169104,77239296,125226,132940262,206958448
td:195,-4 -2 -6 -3 -6 -2 10,0.0016691927661922064,4.1242077975423344e-08,100000,8,26,5416960,35244,499088317,858079,7625,789602,1807979,251739,23,38087582,80056410,64310,138304670,208365203
td:195,-4 -2 -6 -3 -6 -2 10,0.0002153164768375577,0.0002153164768375577,100000,11,11,5416960,35244,499088317,122506,122506,121077,0,4033991,91211,46005556,49439310,24245990,135898076,208040017
td:195,-4 -2 -6 -3 -6 -2 10,0.0002153164768375577,3.041944644938844e-05,100000,11,14,5416960,35244,499088317,122506,28889,121077,232352,952898,12937,46049276,33011802,4752724,101285740,155027871
td:195,-4 -2 -6 -3 -6 -2 10,0.0002153164768375577,2.668585599926618e-06,100000,11,18,5416960,35244,499088317,122506,9430,121077,309936,311653,1072,45622286,28668010,626254,92297456,145751840
td:195,-4 -2 -6 -3 -6 -2 10,0.0002153164768375577,2.788186613300315e-07,100000,11,22,5416960,35244,499088317,122506,8085,121077,345259,266868,105,46653828,28157846,105008,92753658,147103308
td:195,-4 -2 -6 -3 -6 -2 10,0.0002153164768375577,4.1242077975423344e-08,100000,11,26,5416960,35244,499088317,122506,7625,121077,376777,251739,23,48533510,28795702,58020,96540082,152477162
td:195,-4 -2 -6 -3 -6 -2 10,3.041944644938844e-05,3.041944644938844e-05,100000,14,14,5416960,35244,499088317,28889,28889,28828,0,952898,12937,61008112,18470116,4843656,101374860,157025506
td:195,-4 -2 -6 -3 -6 -2 10,3.041944644938844e-05,2.668585599926618e-06,100000,14,18,5416960,35244,499088317,28889,9430,28828,77584,311653,1072,63582526,21523622,579490,104275960,159305965
td:195,-4 -2 -6 -3 -6 -2 10,3.041944644938844e-05,2.788186613300315e-07,100000,14,22,5416960,35244,499088317,28889,8085,28828,112907,266868,105,68547736,22394280,136798,111273976,166985637
td:195,-4 -2 -6 -3 -6 -2 10,3.041944644938844e-05,4.1242077975423344e-08,100000,14,26,5416960,35244,499088317,28889,7625,28828,144425,251739,23,67166380,21809246,79940,110493868,165278337
td:195,-4 -2 -6 -3 -6 -2 10,4.7435610165599614e-06,2.668585599926618e-06,100000,17,18,5416960,35244,499088317,10421,9430,10414,10414,311653,1072,83095366,21014424,662862,126087484,176727784
td:195,-4 -2 -6 -3 -6 -2 10,4.7435610165599614e-06,2.788186613300315e-07,100000,17,22,5416960,35244,499088317,10421,8085,10414,45737,266868,105,78620848,20352240,113356,119048304,178846305
td:195,-4 -2 -6 -3 -6 -2 10,4.7435610165599614e-06,4.1242077975423344e-08,100000,17,26,5416960,35244,499088317,10421,7625,10414,77255,251739,23,80616918,20494940,64186,121215896,183105740
td:195,-4 -2 -6 -3 -6 -2 10,0.016002886574786362,0.0002153164768375577,300000,5,11,46453424,218876,4399696265,70945931,998122,36161867,84556978,32865740,804673,186471172,2146015010,194984186,2593319442,4000067673
td:195,-4 -2 -6 -3 -6 -2 10,0.016002886574786362,3.041944644938844e-05,300000,5,14,46453424,218876,4399696265,70945931,175344,36161867,86368843,5784747,113733,186974062,1890468120,36324818,2182885568,3385861297
td:195,-4 -2 -6 -3 -6 -2 10,0.016002886574786362,2.668585599926618e-06,300000,5,18,46453424,218876,4399696265,70945931,34632,36161867,86773153,1140870,9239,185335052,1812296880,4694924,2070832252,3307136779
td:195,-4 -2 -6 -3 -6 -2 10,0.016002886574786362,2.788186613300315e-07,300000,5,22,46453424,218876,4399696265,70945931,24944,36161867,86892209,821697,944,189470310,1838645558,839670,2100266702,3326383499
td:195,-4 -2 -6 -3 -6 -2 10,0.016002886574786362,4.1242077975423344e-08,300000,5,26,46453424,218876,4399696265,70945931,23023,36161867,86988395,759925,146,192016698,1830687774,309914,2101200590,3354715638
td:195,-4 -2 -6 -3 -6 -2 10,0.0016691927661922064,0.0002153164768375577,300000,8,11,46453424,218876,4399696265,7452168,998122,6866736,12346376,32865740,804673,266770522,922516874,186613048,1437724708,2250925217
td:195,-4 -2 -6 -3 -6 -2 10,0.0016691927661922064,3.041944644938844e-05,300000,8,14,46453424,218876,4399696265,7452168,175344,6866736,14158241,5784747,113733,270382830,688768746,34789608,1057387686,1649881930
td:195,-4 -2 -6 -3 -6 -2 10,0.0016691927661922064,2.668585599926618e-06,300000,8,18,46453424,218876,4399696265,7452168,34632,6866736,14562551,1140870,9239,271191774,650233748,4383348,990880580,1563802202
td:195,-4 -2 -6 -3 -6 -2 10,0.0016691927661922064,2.788186613300315e-07,300000,8,22,46453424,218876,4399696265,7452168,24944,6866736,14681607,821697,944,284302854,675210496,796010,1032605492,1573025349
td:195,-4 -2 -6 -3 -6 -2 10,0.0016691927661922064,4.1242077975423344e-08,300000,8,26,46453424,218876,4399696265,7452168,23023,6866736,14777793,759925,146,278997506,642504466,211616,991721564,1577052550
td:195,-4 -2 -6 -3 -6 -2 10,0.0002153164768375577,0.0002153164768375577,300000,11,11,46453424,218876,4399696265,998122,998122,987259,0,32865740,804673,342590794,417201070,178264990,998101440,1634987733
td:195,-4 -2 -6 -3 -6 -2 10,0.0002153164768375577,3.041944644938844e-05,300000,11,14,46453424,218876,4399696265,998122,175344,987259,1811865,5784747,113733,353575656,259553540,33399108,711657802,1130475830
td:195,-4 -2 -6 -3 -6 -2 10,0.0002153164768375577,2.668585599926618e-06,300000,11,18,46453424,218876,4399696265,998122,34632,987259,2216175,1140870,9239,375455936,236938652,4400156,683309800,1051379047
td:195,-4 -2 -6 -3 -6 -2 10,0.0002153164768375577,2.788186613300315e-07,300000,11,22,46453424,218876,4399696265,998122,24944,987259,2335231,821697,944,362741252,229349198,610984,660315998,1037079847
td:195,-4 -2 -6 -3 -6 -2 10,0.0002153164768375577,4.1242077975423344e-08,300000,11,26,46453424,218876,4399696265,998122,23023,987259,2431417,759925,146,380635590,230289746,187008,681116470,1059984823
td:195,-4 -2 -6 -3 -6 -2 10,3.041944644938844e-05,3.041944644938844e-05,300000,14,14,46453424,218876,4399696265,175344,175344,175023,0,5784747,113733,482650584,146841466,33253182,727717740,1148457419
td:195,-4 -2 -6 -3 -6 -2 10,3.041944644938844e-05,2.668585599926618e-06,300000,14,18,46453424,218876,4399696265,175344,34632,175023,404310,1140870,9239,489464968,162222820,4113606,723878236,1122721864
td:195,-4 -2 -6 -3 -6 -2 10,3.041944644938844e-05,2.788186613300315e-07,300000,14,22,46453424,218876,4399696265,175344,24944,175023,523366,821697,944,495216362,158401254,648800,723789362,1143070066
td:195,-4 -2 -6 -3 -6 -2 10,3.041944644938844e-05,4.1242077975423344e-08,300000,14,26,46453424,218876,4399696265,175344,23023,175023,619552,759925,146,517223886,162238428,224238,754052202,1156564918
td:195,-4 -2 -6 -3 -6 -2 10,4.7435610165599614e-06,2.668585599926618e-06,300000,17,18,46453424,218876,4399696265,42421,34632,42411,42411,1140870,9239,598962070,148976514,4186938,819958198,1290667566
td:195,-4 -2 -6 -3 -6 -2 10,4.7435610165599614e-06,2.788186613300315e-07,300000,17,22,46453424,218876,4399696265,42421,24944,42411,161467,821697,944,619075664,143039888,635912,832026332,1292932858
td:195,-4 -2 -6 -3 -6 -2 10,4.7435610165599614e-06,4.1242077975423344e-08,300000,17,26,46453424,218876,4399696265,42421,23023,42411,257653,759925,146,635041152,148931342,200900,857039032,1325258094
td:61,9 -5 5 2 2 1 1,0.017289949419773635,0.0002523885658761459,100000,5,11,25000000,125000,2500050000,43023533,665853,17901039,44806908,19782400,509601,113839396,1218228842,147387074,1511807016,2195480859
td:61,9 -5 5 2 2 1 1,0.017289949419773635,4.0171575406983934e-05,100000,5,14,25000000,125000,2500050000,43023533,137947,17901039,46045812,3170109,81071,106402700,984562558,29790866,1150886782,1818889389
td:61,9 -5 5 2 2 1 1,0.017289949419773635,3.9148958898988665e-06,100000,5,18,25000000,125000,2500050000,43023533,46411,17901039,46399575,342348,7906,111796708,986610546,4188872,1136335394,1754394047
td:61,9 -5 5 2 2 1 1,0.017289949419773635,4.74069859519292e-07,100000,5,22,25000000,125000,2500050000,43023533,31274,17901039,46555844,68252,983,118483938,1010708340,838728,1166830300,1762647029
td:61,9 -5 5 2 2 1 1,0.017289949419773635,7.965948827357167e-08,100000,5,26,25000000,125000,2500050000,43023533,23224,17901039,46664702,28597,155,114532084,969034022,187614,1122218448,1770402480
td:61,9 -5 5 2 2 1 1,0.0018688331605430976,0.0002523885658761459,100000,8,11,25000000,125000,2500050000,4677719,665853,4029564,7436829,19782400,509601,164894772,551653076,139330886,886598430,1321362955
td:61,9 -5 5 2 2 1 1,0.0018688331605430976,4.0171575406983934e-05,100000,8,14,25000000,125000,2500050000,4677719,137947,4029564,8675733,3170109,81071,166776378,403774394,30302688,632759508,953121854
td:61,9 -5 5 2 2 1 1,0.0018688331605430976,3.9148958898988665e-06,100000,8,18,25000000,125000,2500050000,4677719,46411,4029564,9029496,342348,7906,162667074,367260638,3945576,571228986,881654378
td:61,9 -5 5 2 2 1 1,0.0018688331605430976,4.74069859519292e-07,100000,8,22,25000000,125000,2500050000,4677719,31274,4029564,9185765,68252,983,175106656,378381676,733526,590933190,899941376
td:61,9 -5 5 2 2 1 1,0.0018688331605430976,7.965948827357167e-08,100000,8,26,25000000,125000,2500050000,4677719,23224,4029564,9294623,28597,155,177484270,379835484,196954,596799906,909352885
td:61,9 -5 5 2 2 1 1,0.0002523885658761459,0.0002523885658761459,100000,11,11,25000000,125000,2500050000,665853,665853,651936,0,19782400,509601,221795440,262745078,134513998,649866674,1008449429
td:61,9 -5 5 2 2 1 1,0.0002523885658761459,4.0171575406983934e-05,100000,11,14,25000000,125000,2500050000,665853,137947,651936,1238904,3170109,81071,219345572,159781914,28674328,438957904,684900357
td:61,9 -5 5 2 2 1 1,0.0002523885658761459,3.9148958898988665e-06,100000,11,18,25000000,125000,2500050000,665853,46411,651936,1592667,342348,7906,228476200,141823754,3805330,407542716,622993010
td:61,9 -5 5 2 2 1 1,0.0002523885658761459,4.74069859519292e-07,100000,11,22,25000000,125000,2500050000,665853,31274,651936,1748936,68252,983,231570564,140652734,605292,412842694,627732882
td:61,9 -5 5 2 2 1 1,0.0002523885658761459,7.965948827357167e-08,100000,11,26,25000000,125000,2500050000,665853,23224,651936,1857794,28597,155,231901904,137818058,131030,408288392,636877463
td:61,9 -5 5 2 2 1 1,4.0171575406983934e-05,4.0171575406983934e-05,100000,14,14,25000000,125000,2500050000,137947,137947,137512,0,3170109,81071,287803358,89714808,29137212,438510928,679299107
td:61,9 -5 5 2 2 1 1,4.0171575406983934e-05,3.9148958898988665e-06,100000,14,18,25000000,125000,2500050000,137947,46411,137512,353763,342348,7906,311414204,103720694,3869074,453529668,667837401
td:61,9 -5 5 2 2 1 1,4.0171575406983934e-05,4.74069859519292e-07,100000,14,22,25000000,125000,2500050000,137947,31274,137512,510032,68252,983,297991302,101792280,592556,437467958,666831220
td:61,9 -5 5 2 2 1 1,4.0171575406983934e-05,7.965948827357167e-08,100000,14,26,25000000,125000,2500050000,137947,23224,137512,618890,28597,155,306570278,103212300,141044,449698954,685028052
td:61,9 -5 5 2 2 1 1,6.902363613008275e-06,3.9148958898988665e-06,100000,17,18,25000000,125000,2500050000,54875,46411,54849,54849,342348,7906,367342684,91108986,3648514,498042210,777506987
td:61,9 -5 5 2 2 1 1,6.902363613008275e-06,4.74069859519292e-07,100000,17,22,25000000,125000,2500050000,54875,31274,54849,211118,68252,983,376854736,88819020,592712,505173468,781856539
td:61,9 -5 5 2 2 1 1,6.902363613008275e-06,7.965948827357167e-08,100000,17,26,25000000,125000,2500050000,54875,23224,54849,319976,28597,155,390450480,89270498,183860,525705102,805553019
td:61,9 -5 5 2 2 1 1,0.017289949419773635,0.0002523885658761459,300000,5,11,222000000,937500,22500150000,387282229,5753877,160898436,401988264,178272573,4581834,832305162,10378197042,1065071020,12449411008,19910202105
td:61,9 -5 5 2 2 1 1,0.017289949419773635,4.0171575406983934e-05,300000,5,14,222000000,937500,22500150000,387282229,1008985,160898436,412429852,28383579,727663,876823060,9148004518,221006546,10426114244,16567442633
td:61,9 -5 5 2 2 1 1,0.017289949419773635,3.9148958898988665e-06,300000,5,18,222000000,937500,22500150000,387282229,196597,160898436,414695526,2859464,70751,904476836,9049835382,34280186,10176072082,16077268602
td:61,9 -5 5 2 2 1 1,0.017289949419773635,4.74069859519292e-07,300000,5,22,222000000,937500,22500150000,387282229,100115,160898436,415284860,419632,8444,915499570,9017871402,6551130,10132352410,16085552247
td:61,9 -5 5 2 2 1 1,0.017289949419773635,7.965948827357167e-08,300000,5,26,222000000,937500,22500150000,387282229,70497,160898436,415625112,120128,1362,907538828,9016214490,1711674,10124282744,16046572602
td:61,9 -5 5 2 2 1 1,0.0018688331605430976,0.0002523885658761459,300000,8,11,222000000,937500,22500150000,41892470,5753877,36046290,66278873,178272573,4581834,1258477416,4833476816,1059339632,7326526464,11442789812
td:61,9 -5 5 2 2 1 1,0.0018688331605430976,4.0171575406983934e-05,300000,8,14,222000000,937500,22500150000,41892470,1008985,36046290,76720461,28383579,727663,1255129594,3405398610,212494902,5040004162,8040388379
td:61,9 -5 5 2 2 1 1,0.0018688331605430976,3.9148958898988665e-06,300000,8,18,222000000,937500,22500150000,41892470,196597,36046290,78986135,2859464,70751,1268616228,3143575880,30768684,4615030914,7415004692
td:61,9 -5 5 2 2 1 1,0.0018688331605430976,4.74069859519292e-07,300000,8,22,222000000,937500,22500150000,41892470,100115,36046290,79575469,419632,8444,1327803386,3220334736,5497592,4741097678,7444767920
td:61,9 -5 5 2 2 1 1,0.0018688331605430976,7.965948827357167e-08,300000,8,26,222000000,937500,22500150000,41892470,70497,36046290,79915721,120128,1362,1396371732,3322053118,1853106,4923409330,7594361342
td:61,9 -5 5 2 2 1 1,0.0002523885658761459,0.0002523885658761459,300000,11,11,222000000,937500,22500150000,5753877,5753877,5629007,0,178272573,4581834,1855527340,2558098164,1113070994,5709332822,8539179086
td:61,9 -5 5 2 2 1 1,0.0002523885658761459,4.0171575406983934e-05,300000,11,14,222000000,937500,22500150000,5753877,1008985,5629007,10441588,28383579,727663,1885258202,1519887642,226209186,3821335410,5652341831
td:61,9 -5 5 2 2 1 1,0.0002523885658761459,3.9148958898988665e-06,300000,11,18,222000000,937500,22500150000,5753877,196597,5629007,12707262,2859464,70751,1887078668,1253014860,32461370,3360020088,5000451883
td:61,9 -5 5 2 2 1 1,0.0002523885658761459,4.74069859519292e-07,300000,11,22,222000000,937500,22500150000,5753877,100115,5629007,13296596,419632,8444,1908478576,1228851040,6035676,3345411882,5039694789
td:61,9 -5 5 2 2 1 1,0.0002523885658761459,7.965948827357167e-08,300000,11,26,222000000,937500,22500150000,5753877,70497,5629007,13636848,120128,1362,1890624930,1205415326,1441224,3306135836,5085250275
td:61,9 -5 5 2 2 1 1,4.0171575406983934e-05,4.0171575406983934e-05,300000,14,14,222000000,937500,22500150000,1008985,1008985,1005653,0,28383579,727663,2350884970,815537360,215472106,3566940324,5415764036
td:61,9 -5 5 2 2 1 1,4.0171575406983934e-05,3.9148958898988665e-06,300000,14,18,222000000,937500,22500150000,1008985,196597,1005653,2265674,2859464,70751,2408466934,859478852,31459598,3486091764,5222730958
td:61,9 -5 5 2 2 1 1,4.0171575406983934e-05,4.74069859519292e-07,300000,14,22,222000000,937500,22500150000,1008985,100115,1005653,2855008,419632,8444,2414315684,840955868,5311264,3463791972,5188850363
td:61,9 -5 5 2 2 1 1,4.0171575406983934e-05,7.965948827357167e-08,300000,14,26,222000000,937500,22500150000,1008985,70497,1005653,3195260,120128,1362,2439981288,812643518,1245066,3456308844,5273956014
td:61,9 -5 5 2 2 1 1,6.902363613008275e-06,3.9148958898988665e-06,300000,17,18,222000000,937500,22500150000,266705,196597,266578,266578,2859464,70751,3063691918,787979770,30264056,4075312636,6232632255
td:61,9 -5 5 2 2 1 1,6.902363613008275e-06,4.74069859519292e-07,300000,17,22,222000000,937500,22500150000,266705,100115,266578,855912,419632,8444,3356546370,837844838,6005170,4420501758,6371362493
td:61,9 -5 5 2 2 1 1,6.902363613008275e-06,7.965948827357167e-08,300000,17,26,222000000,937500,22500150000,266705,70497,266578,1196164,120128,1362,3201700704,755956384,1410710,4175187790,6326838887
td:38,4 6 -6 1 -7 -8 -9,0.018573770722022646,0.0003060059069393772,100000,5,11,3620320,22036,335097814,6268430,117344,2932537,7462643,3232052,86680,16655784,171853238,24874434,228736232,347104382
td:38,4 6 -6 1 -7 -8 -9,0.018573770722022646,4.4454276151018155e-05,100000,5,14,3620320,22036,335097814,6268430,28379,2932537,7686281,486411,12672,17048136,147368566,5290400,185337230,280953130
td:38,4 6 -6 1 -7 -8 -9,0.018573770722022646,4.062346013876722e-06,100000,5,18,3620320,22036,335097814,6268430,14129,2932537,7768643,54603,1129,18273682,147413886,733664,183014744,270962853
td:38,4 6 -6 1 -7 -8 -9,0.018573770722022646,4.613888121572128e-07,100000,5,22,3620320,22036,335097814,6268430,12479,2932537,7822628,18032,135,18547924,147683768,168824,184483050,272367130
td:38,4 6 -6 1 -7 -8 -9,0.018573770722022646,7.757198833274747e-08,100000,5,26,3620320,22036,335097814,6268430,9783,2932537,7872230,10623,25,19094350,148560644,82434,187312022,275496930
td:38,4 6 -6 1 -7 -8 -9,0.002236517724667556,0.0003060059069393772,100000,8,11,3620320,22036,335097814,770451,117344,690702,1276815,3232052,86680,26065166,93048894,25011470,159907342,236016499
td:38,4 6 -6 1 -7 -8 -9,0.002236517724667556,4.4454276151018155e-05,100000,8,14,3620320,22036,335097814,770451,28379,690702,1500453,486411,12672,25765502,67143718,5251714,113751322,167989362
td:38,4 6 -6 1 -7 -8 -9,0.002236517724667556,4.062346013876722e-06,100000,8,18,3620320,22036,335097814,770451,14129,690702,1582815,54603,1129,26088668,61986532,641858,104622942,158052506
td:38,4 6 -6 1 -7 -8 -9,0.002236517724667556,4.613888121572128e-07,100000,8,22,3620320,22036,335097814,770451,12479,690702,1636800,18032,135,26698350,61805412,142598,106105332,159702789
td:38,4 6 -6 1 -7 -8 -9,0.002236517724667556,7.757198833274747e-08,100000,8,26,3620320,22036,335097814,770451,9783,690702,1686402,10623,25,27616202,63430178,76176,110391684,164926957
td:38,4 6 -6 1 -7 -8 -9,0.0003060059069393772,0.0003060059069393772,100000,11,11,3620320,22036,335097814,117344,117344,115375,0,3232052,86680,34024872,43858990,24139066,117179716,177280043
td:38,4 6 -6 1 -7 -8 -9,0.0003060059069393772,4.4454276151018155e-05,100000,11,14,3620320,22036,335097814,117344,28379,115375,223638,486411,12672,34977284,25704484,4940422,81723784,122606603
td:38,4 6 -6 1 -7 -8 -9,0.0003060059069393772,4.062346013876722e-06,100000,11,18,3620320,22036,335097814,117344,14129,115375,306000,54603,1129,34526222,21634718,590454,73147240,111471757
td:38,4 6 -6 1 -7 -8 -9,0.0003060059069393772,4.613888121572128e-07,100000,11,22,3620320,22036,335097814,117344,12479,115375,359985,18032,135,37361850,22727228,140932,78611992,116912317
td:38,4 6 -6 1 -7 -8 -9,0.0003060059069393772,7.757198833274747e-08,100000,11,26,3620320,22036,335097814,117344,9783,115375,409587,10623,25,37548368,23167654,69280,80272758,117850547
td:38,4 6 -6 1 -7 -8 -9,4.4454276151018155e-05,4.4454276151018155e-05,100000,14,14,3620320,22036,335097814,28379,28379,28310,0,486411,12672,44678420,13819574,4948616,79413942,119344877
td:38,4 6 -6 1 -7 -8 -9,4.4454276151018155e-05,4.062346013876722e-06,100000,14,18,3620320,22036,335097814,28379,14129,28310,82362,54603,1129,45247748,14241914,627504,76452758,114968300
td:38,4 6 -6 1 -7 -8 -9,4.4454276151018155e-05,4.613888121572128e-07,100000,14,22,3620320,22036,335097814,28379,12479,28310,136347,18032,135,45378852,13583276,122882,75663116,119991616
td:38,4 6 -6 1 -7 -8 -9,4.4454276151018155e-05,7.757198833274747e-08,100000,14,26,3620320,22036,335097814,28379,9783,28310,185949,10623,25,46020240,14554624,60840,78660818,122445101
td:38,4 6 -6 1 -7 -8 -9,7.168153881915242e-06,4.062346013876722e-06,100000,17,18,3620320,22036,335097814,15354,14129,15348,15348,54603,1129,58120332,12762192,611282,87604650,135244714
td:38,4 6 -6 1 -7 -8 -9,7.168153881915242e-06,4.613888121572128e-07,100000,17,22,3620320,22036,335097814,15354,12479,15348,69333,18032,135,60146350,12940688,141206,90860572,139851659
td:38,4 6 -6 1 -7 -8 -9,7.168153881915242e-06,7.757198833274747e-08,100000,17,26,3620320,22036,335097814,15354,9783,15348,118935,10623,25,61460168,14161982,62036,94660344,142090767
td:38,4 6 -6 1 -7 -8 -9,0.018573770722022646,0.0003060059069393772,300000,5,11,31484656,145252,2985687671,55647693,960902,26084947,66041994,28670407,772701,122515920,1529402988,188594424,1900438370,3016235305
td:38,4 6 -6 1 -7 -8 -9,0.018573770722022646,4.4454276151018155e-05,300000,5,14,31484656,145252,2985687671,55647693,173141,26084947,67790413,4220563,112472,131432978,1339832108,37447702,1566222540,2422180242
td:38,4 6 -6 1 -7 -8 -9,0.018573770722022646,4.062346013876722e-06,300000,5,18,31484656,145252,2985687671,55647693,50214,26084947,68211619,420043,10267,132453396,1298741898,5384888,1500396422,2327218047
td:38,4 6 -6 1 -7 -8 -9,0.018573770722022646,4.613888121572128e-07,300000,5,22,31484656,145252,2985687671,55647693,38108,26084947,68389516,83840,1208,146548504,1360714204,1151982,1572614498,2344366606
td:38,4 6 -6 1 -7 -8 -9,0.018573770722022646,7.757198833274747e-08,300000,5,26,31484656,145252,2985687671,55647693,29425,26084947,68539266,36270,193,138482220,1298618022,412238,1511657178,2338528156
td:38,4 6 -6 1 -7 -8 -9,0.002236517724667556,0.0003060059069393772,300000,8,11,31484656,145252,2985687671,6757685,960902,6068110,11117855,28670407,772701,189883850,806226452,189818824,1241650304,1910390959
td:38,4 6 -6 1 -7 -8 -9,0.002236517724667556,4.4454276151018155e-05,300000,8,14,31484656,145252,2985687671,6757685,173141,6068110,12866274,4220563,112472,191253008,572418960,36727152,855558070,1309715817
td:38,4 6 -6 1 -7 -8 -9,0.002236517724667556,4.062346013876722e-06,300000,8,18,31484656,145252,2985687671,6757685,50214,6068110,13287480,420043,10267,196116410,537166824,5036868,795628838,1216949241
td:38,4 6 -6 1 -7 -8 -9,0.002236517724667556,4.613888121572128e-07,300000,8,22,31484656,145252,2985687671,6757685,38108,6068110,13465377,83840,1208,199503458,533879940,865628,792852132,1219183057
td:38,4 6 -6 1 -7 -8 -9,0.002236517724667556,7.757198833274747e-08,300000,8,26,31484656,145252,2985687671,6757685,29425,6068110,13615127,36270,193,204259394,538975318,267372,806700258,1234167073
td:38,4 6 -6 1 -7 -8 -9,0.0003060059069393772,0.0003060059069393772,300000,11,11,31484656,145252,2985687671,960902,960902,945882,0,28670407,772701,244140010,390330992,185777754,874664228,1370100148
td:38,4 6 -6 1 -7 -8 -9,0.0003060059069393772,4.4454276151018155e-05,300000,11,14,31484656,145252,2985687671,960902,173141,945882,1748419,4220563,112472,264956186,219617046,36837576,578152132,878473397
td:38,4 6 -6 1 -7 -8 -9,0.0003060059069393772,4.062346013876722e-06,300000,11,18,31484656,145252,2985687671,960902,50214,945882,2169625,420043,10267,261584438,179522864,4524826,501918006,780432995
td:38,4 6 -6 1 -7 -8 -9,0.0003060059069393772,4.613888121572128e-07,300000,11,22,31484656,145252,2985687671,960902,38108,945882,2347522,83840,1208,269065318,178519390,766234,506623586,786239852
td:38,4 6 -6 1 -7 -8 -9,0.0003060059069393772,7.757198833274747e-08,300000,11,26,31484656,145252,2985687671,960902,29425,945882,2497272,36270,193,276573242,181637922,210874,520594458,801658917
td:38,4 6 -6 1 -7 -8 -9,4.4454276151018155e-05,4.4454276151018155e-05,300000,14,14,31484656,145252,2985687671,173141,173141,172733,0,4220563,112472,323311318,113206130,34020934,532022188,830490137
td:38,4 6 -6 1 -7 -8 -9,4.4454276151018155e-05,4.062346013876722e-06,300000,14,18,31484656,145252,2985687671,173141,50214,172733,421206,420043,10267,345510600,116756378,4667566,523477734,804287117
td:38,4 6 -6 1 -7 -8 -9,4.4454276151018155e-05,4.613888121572128e-07,300000,14,22,31484656,145252,2985687671,173141,38108,172733,599103,83840,1208,367240230,120124104,834838,549186932,815723170
td:38,4 6 -6 1 -7 -8 -9,4.4454276151018155e-05,7.757198833274747e-08,300000,14,26,31484656,145252,2985687671,173141,29425,172733,748853,36270,193,350827918,118408084,227528,532304148,810945687
td:38,4 6 -6 1 -7 -8 -9,7.168153881915242e-06,4.062346013876722e-06,300000,17,18,31484656,145252,2985687671,60028,50214,60004,60004,420043,10267,455217638,111454960,4720490,630395396,960298168
td:38,4 6 -6 1 -7 -8 -9,7.168153881915242e-06,4.613888121572128e-07,300000,17,22,31484656,145252,2985687671,60028,38108,60004,237901,83840,1208,476584334,111823648,879016,652146708,985202571
td:38,4 6 -6 1 -7 -8 -9,7.168153881915242e-06,7.757198833274747e-08,300000,17,26,31484656,145252,2985687671,60028,29425,60004,387651,36270,193,448469710,110968708,200766,622737080,962450216
