curve,f,R1_pred,R2_pred,height,sp1,sp2,arrays,calls,bits_in,bits_1,bits_2,units_1,and2,ext2,checks,cyc1,cyc2,cyc3,cyctot,perf_cycles
ex:10,1 0 0 0 0 0 1,1.3528446176657286e-05,1.1964342457022108e-07,25000,11,18,2800000,25000,625012500,18199,8541,18114,79317,10827,57,28509814,9193704,34700,45290600,82720166
ex:10,1 0 0 0 0 0 1,1.3528446176657286e-05,1.0230444209174729e-08,25000,11,22,2800000,25000,625012500,18199,5264,18114,112107,5264,1,31231582,10048520,5052,50930318,89759416
ex:10,1 0 0 0 0 0 1,1.3528446176657286e-05,1.3824073675608417e-09,25000,11,26,2800000,25000,625012500,18199,4380,18114,131331,4380,1,29782270,9748782,4848,49673844,91245545
ex:10,1 0 0 0 0 0 1,1.3528446176657286e-05,5.82192666368189e-10,25000,11,30,2800000,25000,625012500,18199,3310,18114,142575,3310,1,31080422,10467782,5694,51651800,92888695
ex:10,1 0 0 0 0 0 1,1.7383553740523243e-06,1.1964342457022108e-07,25000,14,18,2800000,25000,625012500,9824,8541,9823,36836,10827,57,34161854,8611452,26592,50564248,93842000
ex:10,1 0 0 0 0 0 1,1.7383553740523243e-06,1.0230444209174729e-08,25000,14,22,2800000,25000,625012500,9824,5264,9823,69626,5264,1,36840312,9069040,5572,55854098,102513823
ex:10,1 0 0 0 0 0 1,1.7383553740523243e-06,1.3824073675608417e-09,25000,14,26,2800000,25000,625012500,9824,4380,9823,88850,4380,1,36660830,8799188,5066,55915214,102462417
ex:10,1 0 0 0 0 0 1,1.7383553740523243e-06,5.82192666368189e-10,25000,14,30,2800000,25000,625012500,9824,3310,9823,100094,3310,1,39635024,9015706,5144,59186998,109249453
ex:10,1 0 0 0 0 0 1,2.306646394082025e-07,1.1964342457022108e-07,25000,17,18,2800000,25000,625012500,8740,8541,8740,8740,10827,57,44106834,8369306,30222,60042008,111744463
ex:10,1 0 0 0 0 0 1,2.306646394082025e-07,1.0230444209174729e-08,25000,17,22,2800000,25000,625012500,8740,5264,8740,41530,5264,1,44564430,8832806,4838,62799378,116282716
ex:10,1 0 0 0 0 0 1,2.306646394082025e-07,1.3824073675608417e-09,25000,17,26,2800000,25000,625012500,8740,4380,8740,60754,4380,1,46446804,8491544,4592,64491164,120205383
ex:10,1 0 0 0 0 0 1,2.306646394082025e-07,5.82192666368189e-10,25000,17,30,2800000,25000,625012500,8740,3310,8740,71998,3310,1,46421378,8688696,4790,65486262,120573291
ex:10,1 0 0 0 0 0 1,3.347706500350337e-08,1.0230444209174729e-08,25000,20,22,2800000,25000,625012500,8026,5264,8026,15942,5264,1,54436266,8378720,4720,71329246,133163170
ex:10,1 0 0 0 0 0 1,3.347706500350337e-08,1.3824073675608417e-09,25000,20,26,2800000,25000,625012500,8026,4380,8026,35166,4380,1,51642314,8614244,4384,69393952,130183731
ex:10,1 0 0 0 0 0 1,3.347706500350337e-08,5.82192666368189e-10,25000,20,30,2800000,25000,625012500,8026,3310,8026,46410,3310,1,52766910,9138170,4686,71840228,134007155
ex:10,1 0 0 0 0 0 1,5.699313209955472e-09,1.3824073675608417e-09,25000,23,26,2800000,25000,625012500,4958,4380,4958,13960,4380,1,57456526,8795268,4846,75429670,141137895
ex:10,1 0 0 0 0 0 1,5.699313209955472e-09,5.82192666368189e-10,25000,23,30,2800000,25000,625012500,4958,3310,4958,25204,3310,1,58686742,8282260,5338,77838088,143963131
ex:10,1 0 0 0 0 0 1,1.3824073675608417e-09,1.3824073675608417e-09,25000,26,26,2800000,25000,625012500,4380,4380,4380,0,4380,1,66488808,5720394,5098,81654498,152769938
ex:10,1 0 0 0 0 0 1,1.3824073675608417e-09,5.82192666368189e-10,25000,26,30,2800000,25000,625012500,4380,3310,4380,11244,3310,1,64782382,8185718,12240,83125194,155480957
ex:10,1 0 0 0 0 0 1,1.3528446176657286e-05,1.1964342457022108e-07,75000,11,18,22800000,150000,5625037500,103825,25987,103073,334357,46624,537,175642262,69159176,175682,272061750,515459319
ex:10,1 0 0 0 0 0 1,1.3528446176657286e-05,1.0230444209174729e-08,75000,11,22,22800000,150000,5625037500,103825,15721,103073,433143,16737,33,179432618,66502822,28356,277490010,524760749
ex:10,1 0 0 0 0 0 1,1.3528446176657286e-05,1.3824073675608417e-09,75000,11,26,22800000,150000,5625037500,103825,12925,103073,490329,13052,5,193677326,66963650,18432,294237720,555660174
ex:10,1 0 0 0 0 0 1,1.3528446176657286e-05,5.82192666368189e-10,75000,11,30,22800000,150000,5625037500,103825,9758,103073,523568,9885,5,200405918,75408608,27540,316165658,572738479
ex:10,1 0 0 0 0 0 1,1.7383553740523243e-06,1.1964342457022108e-07,75000,14,18,22800000,150000,5625037500,35612,25987,35599,121876,46624,537,218347270,63717970,185044,310022012,587493978
ex:10,1 0 0 0 0 0 1,1.7383553740523243e-06,1.0230444209174729e-08,75000,14,22,22800000,150000,5625037500,35612,15721,35599,220662,16737,33,224920140,59422532,26982,315828282,598814920
ex:10,1 0 0 0 0 0 1,1.7383553740523243e-06,1.3824073675608417e-09,75000,14,26,22800000,150000,5625037500,35612,12925,35599,277848,13052,5,230471856,60036024,20228,324141002,615090984
ex:10,1 0 0 0 0 0 1,1.7383553740523243e-06,5.82192666368189e-10,75000,14,30,22800000,150000,5625037500,35612,9758,35599,311087,9885,5,234909028,64925730,20350,336231624,636353207
ex:10,1 0 0 0 0 0 1,2.306646394082025e-07,1.1964342457022108e-07,75000,17,18,22800000,150000,5625037500,26938,25987,26938,26938,46624,537,298683874,65718232,218366,399916828,736380262
ex:10,1 0 0 0 0 0 1,2.306646394082025e-07,1.0230444209174729e-08,75000,17,22,22800000,150000,5625037500,26938,15721,26938,125724,16737,33,290610460,60491336,28954,385804184,733177478
ex:10,1 0 0 0 0 0 1,2.306646394082025e-07,1.3824073675608417e-09,75000,17,26,22800000,150000,5625037500,26938,12925,26938,182910,13052,5,306336320,60098814,25722,403505490,765259511
ex:10,1 0 0 0 0 0 1,2.306646394082025e-07,5.82192666368189e-10,75000,17,30,22800000,150000,5625037500,26938,9758,26938,216149,9885,5,296052388,64503656,16612,400540642,759027280
ex:10,1 0 0 0 0 0 1,3.347706500350337e-08,1.0230444209174729e-08,75000,20,22,22800000,150000,5625037500,24080,15721,24080,47761,16737,33,350907556,59093310,37782,447881988,826390412
ex:10,1 0 0 0 0 0 1,3.347706500350337e-08,1.3824073675608417e-09,75000,20,26,22800000,150000,5625037500,24080,12925,24080,104947,13052,5,360251234,61284190,16764,459263592,868725064
ex:10,1 0 0 0 0 0 1,3.347706500350337e-08,5.82192666368189e-10,75000,20,30,22800000,150000,5625037500,24080,9758,24080,138186,9885,5,370040352,66111300,24246,478808078,863102440
ex:10,1 0 0 0 0 0 1,5.699313209955472e-09,1.3824073675608417e-09,75000,23,26,22800000,150000,5625037500,14766,12925,14766,41465,13052,5,399355006,59582874,18414,496931462,943856399
ex:10,1 0 0 0 0 0 1,5.699313209955472e-09,5.82192666368189e-10,75000,23,30,22800000,150000,5625037500,14766,9758,14766,74704,9885,5,410069048,66405600,20278,518173220,963119802
ex:10,1 0 0 0 0 0 1,1.3824073675608417e-09,1.3824073675608417e-09,75000,26,26,22800000,150000,5625037500,12925,12925,12925,0,13052,5,443452032,41709660,19470,523034914,995536632
ex:10,1 0 0 0 0 0 1,1.3824073675608417e-09,5.82192666368189e-10,75000,26,30,22800000,150000,5625037500,12925,9758,12925,33239,9885,5,452309120,58529676,17952,550892998,1044127773
ex:10,1 0 0 0 0 0 1,1.3528446176657286e-05,1.1964342457022108e-07,150000,11,18,88800000,450000,22500075000,354542,53095,351451,959315,132210,2069,630385790,257800918,703858,963934086,1812622163
ex:10,1 0 0 0 0 0 1,1.3528446176657286e-05,1.0230444209174729e-08,150000,11,22,88800000,450000,22500075000,354542,31446,351451,1158749,36780,161,644219830,248946368,105872,974878560,1832174439
ex:10,1 0 0 0 0 0 1,1.3528446176657286e-05,1.3824073675608417e-09,150000,11,26,88800000,450000,22500075000,354542,25756,351451,1272935,26391,21,773097668,303622304,35790,1180143798,1841312986
ex:10,1 0 0 0 0 0 1,1.3528446176657286e-05,5.82192666368189e-10,150000,11,30,88800000,450000,22500075000,354542,19564,351451,1339393,19818,9,783813630,292895020,39186,1189912162,1844013478
ex:10,1 0 0 0 0 0 1,1.7383553740523243e-06,1.1964342457022108e-07,150000,14,18,88800000,450000,22500075000,89947,53095,89883,278917,132210,2069,938696504,291075232,833576,1324569660,2055572649
ex:10,1 0 0 0 0 0 1,1.7383553740523243e-06,1.0230444209174729e-08,150000,14,22,88800000,450000,22500075000,89947,31446,89883,478351,36780,161,997880884,288056470,134394,1391601504,2119646081
ex:10,1 0 0 0 0 0 1,1.7383553740523243e-06,1.3824073675608417e-09,150000,14,26,88800000,450000,22500075000,89947,25756,89883,592537,26391,21,1021720740,293445400,50640,1427553208,2166010442
ex:10,1 0 0 0 0 0 1,1.7383553740523243e-06,5.82192666368189e-10,150000,14,30,88800000,450000,22500075000,89947,19564,89883,658995,19818,9,1073878522,301020300,46908,1497091514,2176707041
ex:10,1 0 0 0 0 0 1,2.306646394082025e-07,1.1964342457022108e-07,150000,17,18,88800000,450000,22500075000,56316,53095,56316,56316,132210,2069,1291148042,290159904,966052,1691450346,2582363661
ex:10,1 0 0 0 0 0 1,2.306646394082025e-07,1.0230444209174729e-08,150000,17,22,88800000,450000,22500075000,56316,31446,56316,255750,36780,161,1358044958,288718536,196372,1762687908,2629979016
ex:10,1 0 0 0 0 0 1,2.306646394082025e-07,1.3824073675608417e-09,150000,17,26,88800000,450000,22500075000,56316,25756,56316,369936,26391,21,1320874154,287248978,77974,1736310078,2646349973
ex:10,1 0 0 0 0 0 1,2.306646394082025e-07,5.82192666368189e-10,150000,17,30,88800000,450000,22500075000,56316,19564,56316,436394,19818,9,1394755676,280795466,35840,1801569482,2689823533
ex:10,1 0 0 0 0 0 1,3.347706500350337e-08,1.0230444209174729e-08,150000,20,22,88800000,450000,22500075000,48350,31446,48350,95751,36780,161,1547982260,267488120,165850,1927713972,2976428214
ex:10,1 0 0 0 0 0 1,3.347706500350337e-08,1.3824073675608417e-09,150000,20,26,88800000,450000,22500075000,48350,25756,48350,209937,26391,21,1587357438,281949468,50130,1986190708,3012036005
ex:10,1 0 0 0 0 0 1,3.347706500350337e-08,5.82192666368189e-10,150000,20,30,88800000,450000,22500075000,48350,19564,48350,276395,19818,9,1641073382,267511962,41636,2033691194,3047225552
ex:10,1 0 0 0 0 0 1,5.699313209955472e-09,1.3824073675608417e-09,150000,23,26,88800000,450000,22500075000,29479,25756,29479,82740,26391,21,1818328676,276784616,64388,2212041522,3372346122
ex:10,1 0 0 0 0 0 1,5.699313209955472e-09,5.82192666368189e-10,150000,23,30,88800000,450000,22500075000,29479,19564,29479,149198,19818,9,1786558632,253630616,38826,2163721528,3358638571
ex:10,1 0 0 0 0 0 1,1.3824073675608417e-09,1.3824073675608417e-09,150000,26,26,88800000,450000,22500075000,25756,25756,25756,0,26391,21,2050211656,207203472,72264,2376811800,3628485576
ex:10,1 0 0 0 0 0 1,1.3824073675608417e-09,5.82192666368189e-10,150000,26,30,88800000,450000,22500075000,25756,19564,25756,66458,19818,9,2101234878,272791622,45044,2495351466,3762642574
ex:52,1 -2 0 2 -2 0 1,0.00045704524570158706,7.357681078848142e-06,25000,11,18,3519216,65457,506184555,265430,38311,253655,726779,957425,3070,42079834,37004870,1343598,97075976,145806741
ex:52,1 -2 0 2 -2 0 1,0.00045704524570158706,1.0241590950480844e-06,25000,11,22,3519216,65457,506184555,265430,31016,253655,866341,755284,396,47243694,38654936,269768,105637324,150435373
ex:52,1 -2 0 2 -2 0 1,0.00045704524570158706,2.2403732739917415e-07,25000,11,26,3519216,65457,506184555,265430,26191,253655,981464,636500,82,46877748,38229170,85548,105072418,153410273
ex:52,1 -2 0 2 -2 0 1,0.00045704524570158706,1.641076257201237e-07,25000,11,30,3519216,65457,506184555,265430,20537,253655,1031584,500141,63,46411482,36938620,69474,102367016,154273186
ex:52,1 -2 0 2 -2 0 1,7.095817682064266e-05,7.357681078848142e-06,25000,14,18,3519216,65457,506184555,72075,38311,71617,215664,957425,3070,54559046,21674124,1426496,93718990,139724330
ex:52,1 -2 0 2 -2 0 1,7.095817682064266e-05,1.0241590950480844e-06,25000,14,22,3519216,65457,506184555,72075,31016,71617,355226,755284,396,55267884,20625754,229838,92992370,139895396
ex:52,1 -2 0 2 -2 0 1,7.095817682064266e-05,2.2403732739917415e-07,25000,14,26,3519216,65457,506184555,72075,26191,71617,470349,636500,82,56567988,21026694,79782,96144838,143464661
ex:52,1 -2 0 2 -2 0 1,7.095817682064266e-05,1.641076257201237e-07,25000,14,30,3519216,65457,506184555,72075,20537,71617,520469,500141,63,58377230,20898606,68354,97489432,146535398
ex:52,1 -2 0 2 -2 0 1,1.238306745494407e-05,7.357681078848142e-06,25000,17,18,3519216,65457,506184555,41887,38311,41844,41844,957425,3070,65040384,17421158,1331206,99524222,149772172
ex:52,1 -2 0 2 -2 0 1,1.238306745494407e-05,1.0241590950480844e-06,25000,17,22,3519216,65457,506184555,41887,31016,41844,181406,755284,396,68750622,16805266,240080,103317994,155511654
ex:52,1 -2 0 2 -2 0 1,1.238306745494407e-05,2.2403732739917415e-07,25000,17,26,3519216,65457,506184555,41887,26191,41844,296529,636500,82,68796690,17014856,73916,103619080,156232512
ex:52,1 -2 0 2 -2 0 1,1.238306745494407e-05,1.641076257201237e-07,25000,17,30,3519216,65457,506184555,41887,20537,41844,346649,500141,63,75760890,17992358,77886,115121394,163024574
ex:52,1 -2 0 2 -2 0 1,2.6753919993801773e-06,1.0241590950480844e-06,25000,20,22,3519216,65457,506184555,33959,31016,33955,65571,755284,396,82127470,16270570,255544,115023944,169241256
ex:52,1 -2 0 2 -2 0 1,2.6753919993801773e-06,2.2403732739917415e-07,25000,20,26,3519216,65457,506184555,33959,26191,33955,180694,636500,82,79618126,16241058,77584,112596408,169874609
ex:52,1 -2 0 2 -2 0 1,2.6753919993801773e-06,1.641076257201237e-07,25000,20,30,3519216,65457,506184555,33959,20537,33955,230814,500141,63,82255408,16404416,73448,116179628,173561154
ex:52,1 -2 0 2 -2 0 1,6.605523157410722e-07,2.2403732739917415e-07,25000,23,26,3519216,65457,506184555,28646,26191,28646,84109,636500,82,90547282,15568584,79670,123750112,183861875
ex:52,1 -2 0 2 -2 0 1,6.605523157410722e-07,1.641076257201237e-07,25000,23,30,3519216,65457,506184555,28646,20537,28646,134229,500141,63,91663772,15652266,63728,125240204,187214913
ex:52,1 -2 0 2 -2 0 1,2.2403732739917415e-07,2.2403732739917415e-07,25000,26,26,3519216,65457,506184555,26191,26191,26191,0,636500,82,98742010,11080090,76724,126698742,190872009
ex:52,1 -2 0 2 -2 0 1,2.2403732739917415e-07,1.641076257201237e-07,25000,26,30,3519216,65457,506184555,26191,20537,26191,50120,500141,63,108871982,15877306,79454,143092716,205594142
ex:52,1 -2 0 2 -2 0 1,0.00045704524570158706,7.357681078848142e-06,75000,11,18,28351600,221343,4555539205,2168330,136553,2069565,5014240,3571230,26723,261651302,274447152,10533194,602793790,926529122
ex:52,1 -2 0 2 -2 0 1,0.00045704524570158706,1.0241590950480844e-06,75000,11,22,28351600,221343,4555539205,2168330,95647,2069565,5479267,2355670,3719,284157080,278537644,2085740,626440922,932647816
ex:52,1 -2 0 2 -2 0 1,0.00045704524570158706,2.2403732739917415e-07,75000,11,26,28351600,221343,4555539205,2168330,77847,2069565,5828621,1899283,820,284545056,277808184,660580,621290036,943845755
ex:52,1 -2 0 2 -2 0 1,0.00045704524570158706,1.641076257201237e-07,75000,11,30,28351600,221343,4555539205,2168330,60012,2069565,5977008,1465198,608,282400702,272033726,470996,614482974,944119789
ex:52,1 -2 0 2 -2 0 1,7.095817682064266e-05,7.357681078848142e-06,75000,14,18,28351600,221343,4555539205,428296,136553,425276,1073863,3571230,26723,325872674,138505724,10273518,528804974,827937934
ex:52,1 -2 0 2 -2 0 1,7.095817682064266e-05,1.0241590950480844e-06,75000,14,22,28351600,221343,4555539205,428296,95647,425276,1538890,2355670,3719,336548790,132203000,1758880,523781392,825584818
ex:52,1 -2 0 2 -2 0 1,7.095817682064266e-05,2.2403732739917415e-07,75000,14,26,28351600,221343,4555539205,428296,77847,425276,1888244,1899283,820,381351132,148168422,574474,592047940,838680719
ex:52,1 -2 0 2 -2 0 1,7.095817682064266e-05,1.641076257201237e-07,75000,14,30,28351600,221343,4555539205,428296,60012,425276,2036631,1465198,608,356648770,137079728,486634,563019856,855782313
ex:52,1 -2 0 2 -2 0 1,1.238306745494407e-05,7.357681078848142e-06,75000,17,18,28351600,221343,4555539205,162280,136553,162096,162096,3571230,26723,449436426,121420928,10939708,635358980,942100681
ex:52,1 -2 0 2 -2 0 1,1.238306745494407e-05,1.0241590950480844e-06,75000,17,22,28351600,221343,4555539205,162280,95647,162096,627123,2355670,3719,443180662,109973548,1880172,610784916,925054119
ex:52,1 -2 0 2 -2 0 1,1.238306745494407e-05,2.2403732739917415e-07,75000,17,26,28351600,221343,4555539205,162280,77847,162096,976477,1899283,820,447870504,107873822,497736,614118394,946869369
ex:52,1 -2 0 2 -2 0 1,1.238306745494407e-05,1.641076257201237e-07,75000,17,30,28351600,221343,4555539205,162280,60012,162096,1124864,1465198,608,444946178,106082184,528412,617060936,953381752
ex:52,1 -2 0 2 -2 0 1,2.6753919993801773e-06,1.0241590950480844e-06,75000,20,22,28351600,221343,4555539205,109514,95647,109493,208685,2355670,3719,541828530,110228498,1914898,711707642,1036745022
ex:52,1 -2 0 2 -2 0 1,2.6753919993801773e-06,2.2403732739917415e-07,75000,20,26,28351600,221343,4555539205,109514,77847,109493,558039,1899283,820,517457458,104668062,529426,678815460,1058814034
ex:52,1 -2 0 2 -2 0 1,2.6753919993801773e-06,1.641076257201237e-07,75000,20,30,28351600,221343,4555539205,109514,60012,109493,706426,1465198,608,541157194,107738360,440408,709355414,1070985220
ex:52,1 -2 0 2 -2 0 1,6.605523157410722e-07,2.2403732739917415e-07,75000,23,26,28351600,221343,4555539205,87143,77847,87142,253713,1899283,820,592739376,102183494,513996,751061634,1161337676
ex:52,1 -2 0 2 -2 0 1,6.605523157410722e-07,1.641076257201237e-07,75000,23,30,28351600,221343,4555539205,87143,60012,87142,402100,1465198,608,594298606,103123252,403928,755291678,1179884288
ex:52,1 -2 0 2 -2 0 1,2.2403732739917415e-07,2.2403732739917415e-07,75000,26,26,28351600,221343,4555539205,77847,77847,77847,0,1899283,820,660548072,71686928,524220,786755154,1229074909
ex:52,1 -2 0 2 -2 0 1,2.2403732739917415e-07,1.641076257201237e-07,75000,26,30,28351600,221343,4555539205,77847,60012,77847,148387,1465198,608,689394998,103025488,449860,851482014,1298799191
ex:52,1 -2 0 2 -2 0 1,0.00045704524570158706,7.357681078848142e-06,150000,11,18,110022768,630193,18222035017,8465957,338890,8077221,18564311,9262853,107419,921091082,1047426188,40172284,2144460910,3365277327
ex:52,1 -2 0 2 -2 0 1,0.00045704524570158706,1.0241590950480844e-06,150000,11,22,110022768,630193,18222035017,8465957,199814,8077221,19637059,4992380,14977,947247554,1022774172,7792542,2127274720,3328408386
ex:52,1 -2 0 2 -2 0 1,0.00045704524570158706,2.2403732739917415e-07,150000,11,26,110022768,630193,18222035017,8465957,156291,8077221,20353515,3829113,3272,924336184,995415822,2263026,2073273216,3321809462
ex:52,1 -2 0 2 -2 0 1,0.00045704524570158706,1.641076257201237e-07,150000,11,30,110022768,630193,18222035017,8465957,120306,8077221,20651079,2946060,2402,975789116,1023816796,1884332,2153943262,3374791215
ex:52,1 -2 0 2 -2 0 1,7.095817682064266e-05,7.357681078848142e-06,150000,14,18,110022768,630193,18222035017,1495790,338890,1485016,3436052,9262853,107419,1176607270,513944594,39447272,1863119556,2939932828
ex:52,1 -2 0 2 -2 0 1,7.095817682064266e-05,1.0241590950480844e-06,150000,14,22,110022768,630193,18222035017,1495790,199814,1485016,4508800,4992380,14977,1206642366,483147246,6916066,1837338758,2909990998
ex:52,1 -2 0 2 -2 0 1,7.095817682064266e-05,2.2403732739917415e-07,150000,14,26,110022768,630193,18222035017,1495790,156291,1485016,5225256,3829113,3272,1226571658,487620912,1876114,1865166706,2904068982
ex:52,1 -2 0 2 -2 0 1,7.095817682064266e-05,1.641076257201237e-07,150000,14,30,110022768,630193,18222035017,1495790,120306,1485016,5522820,2946060,2402,1461167708,578357774,2440306,2218040018,3108328663
ex:52,1 -2 0 2 -2 0 1,1.238306745494407e-05,7.357681078848142e-06,150000,17,18,110022768,630193,18222035017,435878,338890,435392,435392,9262853,107419,1572773112,429922888,39809132,2182173944,3387188609
ex:52,1 -2 0 2 -2 0 1,1.238306745494407e-05,1.0241590950480844e-06,150000,17,22,110022768,630193,18222035017,435878,199814,435392,1508140,4992380,14977,1617677888,395406486,7106496,2170797334,3341159282
ex:52,1 -2 0 2 -2 0 1,1.238306745494407e-05,2.2403732739917415e-07,150000,17,26,110022768,630193,18222035017,435878,156291,435392,2224596,3829113,3272,1949322614,464118824,3189182,2599505512,3490777114
ex:52,1 -2 0 2 -2 0 1,1.238306745494407e-05,1.641076257201237e-07,150000,17,30,110022768,630193,18222035017,435878,120306,435392,2522160,2946060,2402,1656680406,400362500,1565574,2218549606,3413318465
ex:52,1 -2 0 2 -2 0 1,2.6753919993801773e-06,1.0241590950480844e-06,150000,20,22,110022768,630193,18222035017,242587,199814,242540,454901,4992380,14977,1838721868,381111880,6864986,2368615320,3732115333
ex:52,1 -2 0 2 -2 0 1,2.6753919993801773e-06,2.2403732739917415e-07,150000,20,26,110022768,630193,18222035017,242587,156291,242540,1171357,3829113,3272,1927901362,398301978,2128880,2477386404,3759805125
ex:52,1 -2 0 2 -2 0 1,2.6753919993801773e-06,1.641076257201237e-07,150000,20,30,110022768,630193,18222035017,242587,120306,242540,1468921,2946060,2402,1929132974,388452738,1531170,2471789582,3806743706
ex:52,1 -2 0 2 -2 0 1,6.605523157410722e-07,2.2403732739917415e-07,150000,23,26,110022768,630193,18222035017,179267,156291,179265,516652,3829113,3272,2105543784,365263504,1793968,2615119994,4207964353
ex:52,1 -2 0 2 -2 0 1,6.605523157410722e-07,1.641076257201237e-07,150000,23,30,110022768,630193,18222035017,179267,120306,179265,814216,2946060,2402,2104969974,362237956,1411642,2621782932,4249187995
ex:52,1 -2 0 2 -2 0 1,2.2403732739917415e-07,2.2403732739917415e-07,150000,26,26,110022768,630193,18222035017,156291,156291,156291,0,3829113,3272,3413687678,361965206,3393558,3976130662,4627504564
ex:52,1 -2 0 2 -2 0 1,2.2403732739917415e-07,1.641076257201237e-07,150000,26,30,110022768,630193,18222035017,156291,120306,156291,297564,2946060,2402,2690449374,401842248,1895164,3258248438,4769492056
ex:241,4 4 -4 -5 -5 -4 4,0.0007936102388103519,1.7004180782605477e-05,25000,11,18,3338896,37647,579892517,507580,59623,465772,1315227,1639025,7809,43254692,58377738,3772186,118043016,169740396
ex:241,4 4 -4 -5 -5 -4 4,0.0007936102388103519,3.3831932743919976e-06,25000,11,22,3338896,37647,579892517,507580,44265,465772,1522097,1188008,1544,47060594,58013064,933374,120154920,171570571
ex:241,4 4 -4 -5 -5 -4 4,0.0007936102388103519,8.827584771976144e-07,25000,11,26,3338896,37647,579892517,507580,35060,465772,1682904,935968,362,50063778,58305530,321614,123655190,175184424
ex:241,4 4 -4 -5 -5 -4 4,0.0007936102388103519,6.45798734736251e-07,25000,11,30,3338896,37647,579892517,507580,29268,465772,1751508,785237,276,55306566,60894772,312344,133622044,181683409
ex:241,4 4 -4 -5 -5 -4 4,0.00013863029897816578,1.7004180782605477e-05,25000,14,18,3338896,37647,579892517,132336,59623,129829,370482,1639025,7809,65103268,32822874,4002756,116735938,157401468
ex:241,4 4 -4 -5 -5 -4 4,0.00013863029897816578,3.3831932743919976e-06,25000,14,22,3338896,37647,579892517,132336,44265,129829,577352,1188008,1544,65642218,31404716,990242,113564434,153735384
ex:241,4 4 -4 -5 -5 -4 4,0.00013863029897816578,8.827584771976144e-07,25000,14,26,3338896,37647,579892517,132336,35060,129829,738159,935968,362,71706330,31339456,333510,119736006,162081545
ex:241,4 4 -4 -5 -5 -4 4,0.00013863029897816578,6.45798734736251e-07,25000,14,30,3338896,37647,579892517,132336,29268,129829,806763,785237,276,71225494,30754478,273774,118237554,164885220
ex:241,4 4 -4 -5 -5 -4 4,2.7818720919242157e-05,1.7004180782605477e-05,25000,17,18,3338896,37647,579892517,66667,59623,66162,66162,1639025,7809,75830398,23817894,3832414,116760056,162598946
ex:241,4 4 -4 -5 -5 -4 4,2.7818720919242157e-05,3.3831932743919976e-06,25000,17,22,3338896,37647,579892517,66667,44265,66162,273032,1188008,1544,72908736,22643920,924416,111912020,154811906
ex:241,4 4 -4 -5 -5 -4 4,2.7818720919242157e-05,8.827584771976144e-07,25000,17,26,3338896,37647,579892517,66667,35060,66162,433839,935968,362,78926514,22788020,305530,118505712,163919052
ex:241,4 4 -4 -5 -5 -4 4,2.7818720919242157e-05,6.45798734736251e-07,25000,17,30,3338896,37647,579892517,66667,29268,66162,502443,785237,276,79241224,22540734,262620,118739546,167477705
ex:241,4 4 -4 -5 -5 -4 4,7.214173376120777e-06,3.3831932743919976e-06,25000,20,22,3338896,37647,579892517,48052,44265,47821,93512,1188008,1544,93571614,20955628,984244,130309202,169642349
ex:241,4 4 -4 -5 -5 -4 4,7.214173376120777e-06,8.827584771976144e-07,25000,20,26,3338896,37647,579892517,48052,35060,47821,254319,935968,362,86918404,20955524,325816,124025998,163297548
ex:241,4 4 -4 -5 -5 -4 4,7.214173376120777e-06,6.45798734736251e-07,25000,20,30,3338896,37647,579892517,48052,29268,47821,322923,785237,276,84447638,20670956,262818,121821188,164922151
ex:241,4 4 -4 -5 -5 -4 4,2.3710468100309565e-06,8.827584771976144e-07,25000,23,26,3338896,37647,579892517,41658,35060,41477,116743,935968,362,92051092,18340246,327000,126004428,174801031
ex:241,4 4 -4 -5 -5 -4 4,2.3710468100309565e-06,6.45798734736251e-07,25000,23,30,3338896,37647,579892517,41658,29268,41477,185347,785237,276,95770724,18671328,264230,130802296,181189023
ex:241,4 4 -4 -5 -5 -4 4,8.827584771976144e-07,8.827584771976144e-07,25000,26,26,3338896,37647,579892517,35060,35060,34946,0,935968,362,100609056,12454296,306894,127396200,178495108
ex:241,4 4 -4 -5 -5 -4 4,8.827584771976144e-07,6.45798734736251e-07,25000,26,30,3338896,37647,579892517,35060,29268,34946,68604,785237,276,102624616,17572990,261300,135350214,190197491
ex:241,4 4 -4 -5 -5 -4 4,0.0007936102388103519,1.7004180782605477e-05,75000,11,18,28122480,157300,5218983614,4267755,237692,3923027,9750000,6821812,71069,302972646,473396414,31956988,853381408,1205081196
ex:241,4 4 -4 -5 -5 -4 4,0.0007936102388103519,3.3831932743919976e-06,75000,11,22,28122480,157300,5218983614,4267755,144073,3923027,10509435,3931879,13876,304507264,453248412,7886790,813009912,1157282225
ex:241,4 4 -4 -5 -5 -4 4,0.0007936102388103519,8.827584771976144e-07,75000,11,26,28122480,157300,5218983614,4267755,106670,3923027,11019884,2870517,3557,324370160,465455878,2631044,842978316,1170458064
ex:241,4 4 -4 -5 -5 -4 4,0.0007936102388103519,6.45798734736251e-07,75000,11,30,28122480,157300,5218983614,4267755,87053,3923027,11228138,2345893,2593,331079794,466234606,2080908,852128344,1182961137
ex:241,4 4 -4 -5 -5 -4 4,0.00013863029897816578,1.7004180782605477e-05,75000,14,18,28122480,157300,5218983614,876109,237692,861899,2112011,6821812,71069,385513460,221024106,30623988,680738066,973192877
ex:241,4 4 -4 -5 -5 -4 4,0.00013863029897816578,3.3831932743919976e-06,75000,14,22,28122480,157300,5218983614,876109,144073,861899,2871446,3931879,13876,401158852,204016930,7625082,660432054,942344637
ex:241,4 4 -4 -5 -5 -4 4,0.00013863029897816578,8.827584771976144e-07,75000,14,26,28122480,157300,5218983614,876109,106670,861899,3381895,2870517,3557,416890672,206647022,2369798,677929966,946746643
ex:241,4 4 -4 -5 -5 -4 4,0.00013863029897816578,6.45798734736251e-07,75000,14,30,28122480,157300,5218983614,876109,87053,861899,3590149,2345893,2593,418021198,207191942,1859966,679028910,947716903
ex:241,4 4 -4 -5 -5 -4 4,2.7818720919242157e-05,1.7004180782605477e-05,75000,17,18,28122480,157300,5218983614,295961,237692,294652,294652,6821812,71069,505140658,164247270,31520664,746043038,1049263844
ex:241,4 4 -4 -5 -5 -4 4,2.7818720919242157e-05,3.3831932743919976e-06,75000,17,22,28122480,157300,5218983614,295961,144073,294652,1054087,3931879,13876,499266700,146063864,7444160,700652708,1007333527
ex:241,4 4 -4 -5 -5 -4 4,2.7818720919242157e-05,8.827584771976144e-07,75000,17,26,28122480,157300,5218983614,295961,106670,294652,1564536,2870517,3557,498551108,140536938,2349302,695359424,1006819149
ex:241,4 4 -4 -5 -5 -4 4,2.7818720919242157e-05,6.45798734736251e-07,75000,17,30,28122480,157300,5218983614,295961,87053,294652,1772790,2345893,2593,500477844,138895062,1723960,691139628,1000004767
ex:241,4 4 -4 -5 -5 -4 4,7.214173376120777e-06,3.3831932743919976e-06,75000,20,22,28122480,157300,5218983614,168738,144073,168406,322459,3931879,13876,585175080,130913414,7619232,771594422,1109127913
ex:241,4 4 -4 -5 -5 -4 4,7.214173376120777e-06,8.827584771976144e-07,75000,20,26,28122480,157300,5218983614,168738,106670,168406,832908,2870517,3557,588359044,131319254,2340996,772302382,1101981555
ex:241,4 4 -4 -5 -5 -4 4,7.214173376120777e-06,6.45798734736251e-07,75000,20,30,28122480,157300,5218983614,168738,87053,168406,1041162,2345893,2593,580640914,129279900,1745654,761435734,1109146709
ex:241,4 4 -4 -5 -5 -4 4,2.3710468100309565e-06,8.827584771976144e-07,75000,23,26,28122480,157300,5218983614,132564,106670,132360,366614,2870517,3557,656682770,124005964,2221870,831717296,1202374742
ex:241,4 4 -4 -5 -5 -4 4,2.3710468100309565e-06,6.45798734736251e-07,75000,23,30,28122480,157300,5218983614,132564,87053,132360,574868,2345893,2593,667626734,123725580,1760022,845186900,1213796017
ex:241,4 4 -4 -5 -5 -4 4,8.827584771976144e-07,8.827584771976144e-07,75000,26,26,28122480,157300,5218983614,106670,106670,106550,0,2870517,3557,849717304,96592108,2800286,1006033552,1270214808
ex:241,4 4 -4 -5 -5 -4 4,8.827584771976144e-07,6.45798734736251e-07,75000,26,30,28122480,157300,5218983614,106670,87053,106550,208254,2345893,2593,727933616,121687764,1814432,901204418,1293361496
ex:241,4 4 -4 -5 -5 -4 4,0.0007936102388103519,1.7004180782605477e-05,150000,11,18,110547664,536061,20875885410,16764457,650975,15419159,36881006,19312062,285181,1047593414,1797561216,111267466,3087905624,4466105965
ex:241,4 4 -4 -5 -5 -4 4,0.0007936102388103519,3.3831932743919976e-06,150000,11,22,110547664,536061,20875885410,16764457,321867,15419159,38808600,8953505,56027,1054276002,1682990846,27923156,2897513394,4253183655
ex:241,4 4 -4 -5 -5 -4 4,0.0007936102388103519,8.827584771976144e-07,150000,11,26,110547664,536061,20875885410,16764457,220104,15419159,39913350,5965857,14495,1157893168,1800468056,9836940,3115851680,4278125776
ex:241,4 4 -4 -5 -5 -4 4,0.0007936102388103519,6.45798734736251e-07,150000,11,30,110547664,536061,20875885410,16764457,177767,15419159,40341678,4813397,10534,1045000292,1632536830,6832314,2821919278,4292269390
ex:241,4 4 -4 -5 -5 -4 4,0.00013863029897816578,1.7004180782605477e-05,150000,14,18,110547664,536061,20875885410,3184144,650975,3134884,7213514,19312062,285181,1229725484,728477264,97741830,2175655482,3482285378
ex:241,4 4 -4 -5 -5 -4 4,0.00013863029897816578,3.3831932743919976e-06,150000,14,22,110547664,536061,20875885410,3184144,321867,3134884,9141108,8953505,56027,1283906840,676687588,26048974,2114595528,3302966587
ex:241,4 4 -4 -5 -5 -4 4,0.00013863029897816578,8.827584771976144e-07,150000,14,26,110547664,536061,20875885410,3184144,220104,3134884,10245858,5965857,14495,1252540510,635305718,7326314,2025616584,3284241558
ex:241,4 4 -4 -5 -5 -4 4,0.00013863029897816578,6.45798734736251e-07,150000,14,30,110547664,536061,20875885410,3184144,177767,3134884,10674186,4813397,10534,1333906700,675125594,5849746,2148138742,3322738386
ex:241,4 4 -4 -5 -5 -4 4,2.7818720919242157e-05,1.7004180782605477e-05,150000,17,18,110547664,536061,20875885410,879550,650975,876379,876379,19312062,285181,1630980166,552873714,99732216,2402742806,3725355073
ex:241,4 4 -4 -5 -5 -4 4,2.7818720919242157e-05,3.3831932743919976e-06,150000,17,22,110547664,536061,20875885410,879550,321867,876379,2803973,8953505,56027,1620393352,467682368,24378700,2237844324,3563049640
ex:241,4 4 -4 -5 -5 -4 4,2.7818720919242157e-05,8.827584771976144e-07,150000,17,26,110547664,536061,20875885410,879550,220104,876379,3908723,5965857,14495,1682282840,477476196,7796222,2299097946,3586724495
ex:241,4 4 -4 -5 -5 -4 4,2.7818720919242157e-05,6.45798734736251e-07,150000,17,30,110547664,536061,20875885410,879550,177767,876379,4337051,4813397,10534,1602202520,457338742,5539640,2197310120,3529888899
ex:241,4 4 -4 -5 -5 -4 4,7.214173376120777e-06,3.3831932743919976e-06,150000,20,22,110547664,536061,20875885410,410015,321867,409494,767151,8953505,56027,1915924610,444913222,24628090,2510242726,3943935444
ex:241,4 4 -4 -5 -5 -4 4,7.214173376120777e-06,8.827584771976144e-07,150000,20,26,110547664,536061,20875885410,410015,220104,409494,1871901,5965857,14495,1941510436,437773484,7799000,2519691450,3985354993
ex:241,4 4 -4 -5 -5 -4 4,7.214173376120777e-06,6.45798734736251e-07,150000,20,30,110547664,536061,20875885410,410015,177767,409494,2300229,4813397,10534,1981993736,443201196,5878002,2563810296,3997991456
ex:241,4 4 -4 -5 -5 -4 4,2.3710468100309565e-06,8.827584771976144e-07,150000,23,26,110547664,536061,20875885410,288209,220104,287959,783191,5965857,14495,2277933248,443080344,7656586,2861329570,4398417592
ex:241,4 4 -4 -5 -5 -4 4,2.3710468100309565e-06,6.45798734736251e-07,150000,23,30,110547664,536061,20875885410,288209,177767,287959,1211519,4813397,10534,2182579868,422433370,5598642,2742354070,4389778400
ex:241,4 4 -4 -5 -5 -4 4,8.827584771976144e-07,8.827584771976144e-07,150000,26,26,110547664,536061,20875885410,220104,220104,219970,0,5965857,14495,2415825418,278436318,7261882,2826247172,4521010449
ex:241,4 4 -4 -5 -5 -4 4,8.827584771976144e-07,6.45798734736251e-07,150000,26,30,110547664,536061,20875885410,220104,177767,219970,428328,4813397,10534,2600477628,427627300,6416790,3167870046,4814263701
ex:490,49 -66 -41 3 68 -1 4,0.001238062576701439,4.729590486497646e-05,25000,11,18,3134144,34374,690765431,929220,106669,789740,2341500,3178962,25969,38047778,84064732,9829614,143379508,214552158
ex:490,49 -66 -41 3 68 -1 4,0.001238062576701439,1.20556718307387e-05,25000,11,22,3134144,34374,690765431,929220,75002,789740,2703496,2183612,6536,40590088,79351658,3280996,136354308,199958310
ex:490,49 -66 -41 3 68 -1 4,0.001238062576701439,4.825392530364654e-06,25000,11,26,3134144,34374,690765431,929220,56165,789740,2967758,1626124,2517,41034948,77989260,1525140,134313352,200427424
ex:490,49 -66 -41 3 68 -1 4,0.001238062576701439,4.482761108090241e-06,25000,11,30,3134144,34374,690765431,929220,52354,789740,3023389,1518515,2337,41428878,77128758,1349892,132650110,200496407
ex:490,49 -66 -41 3 68 -1 4,0.00024817842222974167,4.729590486497646e-05,25000,14,18,3134144,34374,690765431,249139,106669,239058,687092,3178962,25969,46229558,44737056,9341590,111137958,172118724
ex:490,49 -66 -41 3 68 -1 4,0.00024817842222974167,1.20556718307387e-05,25000,14,22,3134144,34374,690765431,249139,75002,239058,1049088,2183612,6536,47759828,39166268,3109662,101816110,156963533
ex:490,49 -66 -41 3 68 -1 4,0.00024817842222974167,4.825392530364654e-06,25000,14,26,3134144,34374,690765431,249139,56165,239058,1313350,1626124,2517,48856610,38631096,1383474,101112562,156182014
ex:490,49 -66 -41 3 68 -1 4,0.00024817842222974167,4.482761108090241e-06,25000,14,30,3134144,34374,690765431,249139,52354,239058,1368981,1518515,2337,50059596,38687682,1316412,103471610,158544744
ex:490,49 -66 -41 3 68 -1 4,6.980883062379112e-05,4.729590486497646e-05,25000,17,18,3134144,34374,690765431,122784,106669,120370,120370,3178962,25969,55046272,32613690,9334794,107382776,166321904
ex:490,49 -66 -41 3 68 -1 4,6.980883062379112e-05,1.20556718307387e-05,25000,17,22,3134144,34374,690765431,122784,75002,120370,482366,2183612,6536,56133628,27918936,3034322,98285398,151790396
ex:490,49 -66 -41 3 68 -1 4,6.980883062379112e-05,4.825392530364654e-06,25000,17,26,3134144,34374,690765431,122784,56165,120370,746628,1626124,2517,60000240,27831720,1417186,101996832,155297382
ex:490,49 -66 -41 3 68 -1 4,6.980883062379112e-05,4.482761108090241e-06,25000,17,30,3134144,34374,690765431,122784,52354,120370,802259,1518515,2337,58313908,27465900,1284370,99081996,152899748
ex:490,49 -66 -41 3 68 -1 4,2.3467210221487344e-05,1.20556718307387e-05,25000,20,22,3134144,34374,690765431,86529,75002,85201,164304,2183612,6536,64738150,23718912,3017920,102663868,157854530
ex:490,49 -66 -41 3 68 -1 4,2.3467210221487344e-05,4.825392530364654e-06,25000,20,26,3134144,34374,690765431,86529,56165,85201,428566,1626124,2517,68556932,24240488,1413282,107194778,158100620
ex:490,49 -66 -41 3 68 -1 4,2.3467210221487344e-05,4.482761108090241e-06,25000,20,30,3134144,34374,690765431,86529,52354,85201,484197,1518515,2337,70055174,23937238,1330216,108618470,162536399
ex:490,49 -66 -41 3 68 -1 4,9.047451260497662e-06,4.825392530364654e-06,25000,23,26,3134144,34374,690765431,70201,56165,69261,190304,1626124,2517,78553726,20977910,1422182,114215714,170685997
ex:490,49 -66 -41 3 68 -1 4,9.047451260497662e-06,4.482761108090241e-06,25000,23,30,3134144,34374,690765431,70201,52354,69261,245935,1518515,2337,80129552,21152580,1339408,115105082,172270593
ex:490,49 -66 -41 3 68 -1 4,4.825392530364654e-06,4.825392530364654e-06,25000,26,26,3134144,34374,690765431,56165,56165,55631,0,1626124,2517,86766866,14739582,1411084,115050918,170375807
ex:490,49 -66 -41 3 68 -1 4,4.825392530364654e-06,4.482761108090241e-06,25000,26,30,3134144,34374,690765431,56165,52354,55631,55631,1518515,2337,87262198,19338248,1392568,120501306,176569181
ex:490,49 -66 -41 3 68 -1 4,0.001238062576701439,4.729590486497646e-05,75000,11,18,26478656,146596,6216888577,7900265,514497,6753321,18135197,15868189,235371,249565752,658979106,68422722,1015574108,1638879808
ex:490,49 -66 -41 3 68 -1 4,0.001238062576701439,1.20556718307387e-05,75000,11,22,26478656,146596,6216888577,7900265,275867,6753321,19724372,8221819,59745,259940960,610686706,23370770,935907460,1493246140
ex:490,49 -66 -41 3 68 -1 4,0.001238062576701439,4.825392530364654e-06,75000,11,26,26478656,146596,6216888577,7900265,187781,6753321,20663812,5521153,23626,266640458,609978168,11031204,930632678,1476653271
ex:490,49 -66 -41 3 68 -1 4,0.001238062576701439,4.482761108090241e-06,75000,11,30,26478656,146596,6216888577,7900265,173904,6753321,20850935,5118045,21911,282346200,633547614,10795990,972357776,1487625100
ex:490,49 -66 -41 3 68 -1 4,0.00024817842222974167,4.729590486497646e-05,75000,14,18,26478656,146596,6216888577,1769203,514497,1708696,4420224,15868189,235371,327445250,328342804,69257912,763909588,1218271299
ex:490,49 -66 -41 3 68 -1 4,0.00024817842222974167,1.20556718307387e-05,75000,14,22,26478656,146596,6216888577,1769203,275867,1708696,6009399,8221819,59745,333857124,271044420,22736008,671707838,1080879085
ex:490,49 -66 -41 3 68 -1 4,0.00024817842222974167,4.825392530364654e-06,75000,14,26,26478656,146596,6216888577,1769203,187781,1708696,6948839,5521153,23626,340396478,265095658,10444470,658219018,1052993045
ex:490,49 -66 -41 3 68 -1 4,0.00024817842222974167,4.482761108090241e-06,75000,14,30,26478656,146596,6216888577,1769203,173904,1708696,7135962,5118045,21911,351824352,275924868,10181202,682627092,1061004218
ex:490,49 -66 -41 3 68 -1 4,6.980883062379112e-05,4.729590486497646e-05,75000,17,18,26478656,146596,6216888577,655223,514497,647415,647415,15868189,235371,399540254,229065898,69248914,736362784,1172902652
ex:490,49 -66 -41 3 68 -1 4,6.980883062379112e-05,1.20556718307387e-05,75000,17,22,26478656,146596,6216888577,655223,275867,647415,2236590,8221819,59745,421457624,183724542,23575128,671255002,1044550978
ex:490,49 -66 -41 3 68 -1 4,6.980883062379112e-05,4.825392530364654e-06,75000,17,26,26478656,146596,6216888577,655223,187781,647415,3176030,5521153,23626,409150046,176605788,10641950,638738838,1000179023
ex:490,49 -66 -41 3 68 -1 4,6.980883062379112e-05,4.482761108090241e-06,75000,17,30,26478656,146596,6216888577,655223,173904,647415,3363153,5118045,21911,413032984,171476118,9840206,638101498,1011107674
ex:490,49 -66 -41 3 68 -1 4,2.3467210221487344e-05,1.20556718307387e-05,75000,20,22,26478656,146596,6216888577,356648,275867,354253,663131,8221819,59745,472798940,147776988,22667856,683660366,1088456883
ex:490,49 -66 -41 3 68 -1 4,2.3467210221487344e-05,4.825392530364654e-06,75000,20,26,26478656,146596,6216888577,356648,187781,354253,1602571,5521153,23626,481634406,141891536,10324060,676020042,1069671668
ex:490,49 -66 -41 3 68 -1 4,2.3467210221487344e-05,4.482761108090241e-06,75000,20,30,26478656,146596,6216888577,356648,173904,354253,1789694,5118045,21911,513975358,147984040,10634930,718845556,1094031307
ex:490,49 -66 -41 3 68 -1 4,9.047451260497662e-06,4.825392530364654e-06,75000,23,26,26478656,146596,6216888577,249172,187781,247944,665030,5521153,23626,564210760,132351894,10733088,750278446,1155233047
ex:490,49 -66 -41 3 68 -1 4,9.047451260497662e-06,4.482761108090241e-06,75000,23,30,26478656,146596,6216888577,249172,173904,247944,852153,5118045,21911,543071552,129254492,9629222,723979396,1154786277
ex:490,49 -66 -41 3 68 -1 4,4.825392530364654e-06,4.825392530364654e-06,75000,26,26,26478656,146596,6216888577,187781,187781,187123,0,5521153,23626,588959238,84830226,10318560,727734324,1174007433
ex:490,49 -66 -41 3 68 -1 4,4.825392530364654e-06,4.482761108090241e-06,75000,26,30,26478656,146596,6216888577,187781,173904,187123,187123,5118045,21911,609299906,120247218,9803972,781637090,1234007705
ex:490,49 -66 -41 3 68 -1 4,0.001238062576701439,4.729590486497646e-05,150000,11,18,104193856,496829,24867626369,31132494,1611437,26650146,69582608,50628931,944972,922742528,2616360664,249443242,3899307986,6333178154
ex:490,49 -66 -41 3 68 -1 4,0.001238062576701439,1.20556718307387e-05,150000,11,22,104193856,496829,24867626369,31132494,699115,26650146,74240815,21221245,239883,949715090,2423878730,80968046,3568398010,5731060752
ex:490,49 -66 -41 3 68 -1 4,0.001238062576701439,4.825392530364654e-06,150000,11,26,104193856,496829,24867626369,31132494,431162,26650146,76527380,12860911,95125,982000650,2411810356,39848018,3553973536,5648244591
ex:490,49 -66 -41 3 68 -1 4,0.001238062576701439,4.482761108090241e-06,150000,11,30,104193856,496829,24867626369,31132494,398215,26650146,76957688,11884797,88317,978818190,2427433524,37488814,3565271808,5673166068
ex:490,49 -66 -41 3 68 -1 4,0.00024817842222974167,4.729590486497646e-05,150000,14,18,104193856,496829,24867626369,6607250,1611437,6390420,15903018,50628931,944972,1217532580,1240886056,243609660,2815965986,4552151802
ex:490,49 -66 -41 3 68 -1 4,0.00024817842222974167,1.20556718307387e-05,150000,14,22,104193856,496829,24867626369,6607250,699115,6390420,20561225,21221245,239883,1199263642,1003059462,79528016,2398770078,3864690649
ex:490,49 -66 -41 3 68 -1 4,0.00024817842222974167,4.825392530364654e-06,150000,14,26,104193856,496829,24867626369,6607250,431162,6390420,22847790,12860911,95125,1276261914,1000482352,38418222,2435330642,3857290619
ex:490,49 -66 -41 3 68 -1 4,0.00024817842222974167,4.482761108090241e-06,150000,14,30,104193856,496829,24867626369,6607250,398215,6390420,23278098,11884797,88317,1282283406,991496200,35531910,2431250686,3856218039
ex:490,49 -66 -41 3 68 -1 4,6.980883062379112e-05,4.729590486497646e-05,150000,17,18,104193856,496829,24867626369,2171090,1611437,2148526,2148526,50628931,944972,1504337920,855378048,246643374,2715677100,4335695438
ex:490,49 -66 -41 3 68 -1 4,6.980883062379112e-05,1.20556718307387e-05,150000,17,22,104193856,496829,24867626369,2171090,699115,2148526,6806733,21221245,239883,1554475718,650873800,79703392,2398679506,3751562598
ex:490,49 -66 -41 3 68 -1 4,6.980883062379112e-05,4.825392530364654e-06,150000,17,26,104193856,496829,24867626369,2171090,431162,2148526,9093298,12860911,95125,1537430736,599646408,37438900,2291076108,3664698433
ex:490,49 -66 -41 3 68 -1 4,6.980883062379112e-05,4.482761108090241e-06,150000,17,30,104193856,496829,24867626369,2171090,398215,2148526,9523606,11884797,88317,1538475588,606638616,34763184,2297145608,3671526655
ex:490,49 -66 -41 3 68 -1 4,2.3467210221487344e-05,1.20556718307387e-05,150000,20,22,104193856,496829,24867626369,1001526,699115,996821,1820466,21221245,239883,1784282832,524181356,77765502,2502402948,4004651419
ex:490,49 -66 -41 3 68 -1 4,2.3467210221487344e-05,4.825392530364654e-06,150000,20,26,104193856,496829,24867626369,1001526,431162,996821,4107031,12860911,95125,1823588664,497716670,36830260,2475484000,3915842615
ex:490,49 -66 -41 3 68 -1 4,2.3467210221487344e-05,4.482761108090241e-06,150000,20,30,104193856,496829,24867626369,1001526,398215,996821,4537339,11884797,88317,1833914116,498928940,34948950,2485278648,3927483444
ex:490,49 -66 -41 3 68 -1 4,9.047451260497662e-06,4.825392530364654e-06,150000,23,26,104193856,496829,24867626369,608380,431162,606601,1589747,12860911,95125,2113645210,466201756,38858780,2735434608,4278615058
ex:490,49 -66 -41 3 68 -1 4,9.047451260497662e-06,4.482761108090241e-06,150000,23,30,104193856,496829,24867626369,608380,398215,606601,2020055,11884797,88317,2020742080,450924886,35522272,2623782686,4199957427
ex:490,49 -66 -41 3 68 -1 4,4.825392530364654e-06,4.825392530364654e-06,150000,26,26,104193856,496829,24867626369,431162,431162,430308,0,12860911,95125,2241943748,308785482,36656986,2705115530,4354709959
ex:490,49 -66 -41 3 68 -1 4,4.825392530364654e-06,4.482761108090241e-06,150000,26,30,104193856,496829,24867626369,431162,398215,430308,430308,11884797,88317,2290189910,432105696,34567878,2872357696,4572362624
ex:568,81 12 8 -48 -137 36 64,0.001857561615353771,7.840922790805278e-05,25000,11,18,3795952,41841,879578466,1709747,149139,1347098,4106875,4551152,54907,46305290,133253718,18983756,212332442,332189064
ex:568,81 12 8 -48 -137 36 64,0.001857561615353771,1.938978193073319e-05,25000,11,22,3795952,41841,879578466,1709747,89238,1347098,4579906,2643387,13479,52009350,125942500,6370066,200264576,301368651
ex:568,81 12 8 -48 -137 36 64,0.001857561615353771,8.712019921258178e-06,25000,11,26,3795952,41841,879578466,1709747,62012,1347098,4896567,1823837,5932,54103430,125010598,3279662,199104608,296481257
ex:568,81 12 8 -48 -137 36 64,0.001857561615353771,7.424537687308243e-06,25000,11,30,3795952,41841,879578466,1709747,53091,1347098,5014614,1565314,5047,51079794,124219028,2887372,194820120,292610330
ex:568,81 12 8 -48 -137 36 64,0.00045216562530412335,7.840922790805278e-05,25000,14,18,3795952,41841,879578466,479129,149139,448142,1180696,4551152,54907,62752402,78196104,19560428,175298424,259101893
ex:568,81 12 8 -48 -137 36 64,0.00045216562530412335,1.938978193073319e-05,25000,14,22,3795952,41841,879578466,479129,89238,448142,1653727,2643387,13479,61750480,63330042,6066902,146446256,220460046
ex:568,81 12 8 -48 -137 36 64,0.00045216562530412335,8.712019921258178e-06,25000,14,26,3795952,41841,879578466,479129,62012,448142,1970388,1823837,5932,61117302,59800806,2978246,138490734,214798004
ex:568,81 12 8 -48 -137 36 64,0.00045216562530412335,7.424537687308243e-06,25000,14,30,3795952,41841,879578466,479129,53091,448142,2088435,1565314,5047,61595262,60161036,2642476,140416654,216768008
ex:568,81 12 8 -48 -137 36 64,0.00011759291040775241,7.840922790805278e-05,25000,17,18,3795952,41841,879578466,184466,149139,179958,179958,4551152,54907,70487368,50544092,18635902,152232032,235829118
ex:568,81 12 8 -48 -137 36 64,0.00011759291040775241,1.938978193073319e-05,25000,17,22,3795952,41841,879578466,184466,89238,179958,652989,2643387,13479,70747616,39164046,5933020,131588542,201305423
ex:568,81 12 8 -48 -137 36 64,0.00011759291040775241,8.712019921258178e-06,25000,17,26,3795952,41841,879578466,184466,62012,179958,969650,1823837,5932,72044808,37384866,2908036,126703486,195853338
ex:568,81 12 8 -48 -137 36 64,0.00011759291040775241,7.424537687308243e-06,25000,17,30,3795952,41841,879578466,184466,53091,179958,1087697,1565314,5047,72456900,37538832,2513900,128325576,197874289
ex:568,81 12 8 -48 -137 36 64,3.724858295067773e-05,1.938978193073319e-05,25000,20,22,3795952,41841,879578466,108822,89238,107184,203846,2643387,13479,81060178,30820592,5832318,131422046,203252907
ex:568,81 12 8 -48 -137 36 64,3.724858295067773e-05,8.712019921258178e-06,25000,20,26,3795952,41841,879578466,108822,62012,107184,520507,1823837,5932,81136202,29219974,2952712,127788398,197789498
ex:568,81 12 8 -48 -137 36 64,3.724858295067773e-05,7.424537687308243e-06,25000,20,30,3795952,41841,879578466,108822,53091,107184,638554,1565314,5047,82158712,29669550,2584108,129119052,199488490
ex:568,81 12 8 -48 -137 36 64,1.4870879126424385e-05,8.712019921258178e-06,25000,23,26,3795952,41841,879578466,82786,62012,81784,228573,1823837,5932,93482836,26081566,3050208,137983112,208307417
ex:568,81 12 8 -48 -137 36 64,1.4870879126424385e-05,7.424537687308243e-06,25000,23,30,3795952,41841,879578466,82786,53091,81784,346620,1565314,5047,100071532,28153056,2933228,148337454,214066418
ex:568,81 12 8 -48 -137 36 64,8.712019921258178e-06,8.712019921258178e-06,25000,26,26,3795952,41841,879578466,62012,62012,61508,0,1823837,5932,103114494,18064898,3026040,139367898,209438149
ex:568,81 12 8 -48 -137 36 64,8.712019921258178e-06,7.424537687308243e-06,25000,26,30,3795952,41841,879578466,62012,53091,61508,118047,1565314,5047,104607384,23898154,2656098,145999374,217114997
ex:568,81 12 8 -48 -137 36 64,0.001857561615353771,7.840922790805278e-05,75000,11,18,31969712,189706,7916139785,14891699,857245,11778203,33927265,26975160,497710,323207654,1149877198,144955440,1670444886,2651287659
ex:568,81 12 8 -48 -137 36 64,0.001857561615353771,1.938978193073319e-05,75000,11,22,31969712,189706,7916139785,14891699,369476,11778203,36368667,11254274,122322,325051430,1045940402,47609618,1471105948,2291755453
ex:568,81 12 8 -48 -137 36 64,0.001857561615353771,8.712019921258178e-06,75000,11,26,31969712,189706,7916139785,14891699,229175,11778203,37618479,6890855,54538,350120198,1035160914,26224720,1474312860,2295935295
ex:568,81 12 8 -48 -137 36 64,0.001857561615353771,7.424537687308243e-06,75000,11,30,31969712,189706,7916139785,14891699,193281,11778203,38055226,5820519,46537,336294066,1043178748,22073408,1457443994,2263267482
ex:568,81 12 8 -48 -137 36 64,0.00045216562530412335,7.840922790805278e-05,75000,14,18,31969712,189706,7916139785,3808586,857245,3581399,8765158,26975160,497710,391358716,588718626,139497352,1165995036,1880200076
ex:568,81 12 8 -48 -137 36 64,0.00045216562530412335,1.938978193073319e-05,75000,14,22,31969712,189706,7916139785,3808586,369476,3581399,11206560,11254274,122322,400109112,463921234,44687962,958471570,1544075609
ex:568,81 12 8 -48 -137 36 64,0.00045216562530412335,8.712019921258178e-06,75000,14,26,31969712,189706,7916139785,3808586,229175,3581399,12456372,6890855,54538,415444052,453894552,23667834,947766504,1512003496
ex:568,81 12 8 -48 -137 36 64,0.00045216562530412335,7.424537687308243e-06,75000,14,30,31969712,189706,7916139785,3808586,193281,3581399,12893119,5820519,46537,423411340,467796790,20822818,965777602,1517323209
ex:568,81 12 8 -48 -137 36 64,0.00011759291040775241,7.840922790805278e-05,75000,17,18,31969712,189706,7916139785,1168619,857245,1147727,1147727,26975160,497710,476223536,377369238,139491054,1038972452,1667002805
ex:568,81 12 8 -48 -137 36 64,0.00011759291040775241,1.938978193073319e-05,75000,17,22,31969712,189706,7916139785,1168619,369476,1147727,3589129,11254274,122322,493027438,268868696,44391126,856840160,1363279623
ex:568,81 12 8 -48 -137 36 64,0.00011759291040775241,8.712019921258178e-06,75000,17,26,31969712,189706,7916139785,1168619,229175,1147727,4838941,6890855,54538,500692726,251078520,23062146,829651368,1312623821
ex:568,81 12 8 -48 -137 36 64,0.00011759291040775241,7.424537687308243e-06,75000,17,30,31969712,189706,7916139785,1168619,193281,1147727,5275688,5820519,46537,522835904,263104320,20673656,861530662,1334034881
ex:568,81 12 8 -48 -137 36 64,3.724858295067773e-05,1.938978193073319e-05,75000,20,22,31969712,189706,7916139785,521171,369476,517192,944143,11254274,122322,569104964,202157200,43765046,864430250,1381916011
ex:568,81 12 8 -48 -137 36 64,3.724858295067773e-05,8.712019921258178e-06,75000,20,26,31969712,189706,7916139785,521171,229175,517192,2193955,6890855,54538,580209892,186750832,22746280,846168498,1348184672
ex:568,81 12 8 -48 -137 36 64,3.724858295067773e-05,7.424537687308243e-06,75000,20,30,31969712,189706,7916139785,521171,193281,517192,2630702,5820519,46537,578985240,188236962,20327648,847686168,1352097281
ex:568,81 12 8 -48 -137 36 64,1.4870879126424385e-05,8.712019921258178e-06,75000,23,26,31969712,189706,7916139785,326733,229175,325132,882386,6890855,54538,659542300,163001684,22529178,896160058,1430589327
ex:568,81 12 8 -48 -137 36 64,1.4870879126424385e-05,7.424537687308243e-06,75000,23,30,31969712,189706,7916139785,326733,193281,325132,1319133,5820519,46537,689857962,169151376,20525834,939620770,1459797435
ex:568,81 12 8 -48 -137 36 64,8.712019921258178e-06,8.712019921258178e-06,75000,26,26,31969712,189706,7916139785,229175,229175,228432,0,6890855,54538,760479714,117621510,23617924,955424036,1482424991
ex:568,81 12 8 -48 -137 36 64,8.712019921258178e-06,7.424537687308243e-06,75000,26,30,31969712,189706,7916139785,229175,193281,228432,436747,5820519,46537,730089766,149983688,20046014,958780316,1518261359
ex:568,81 12 8 -48 -137 36 64,0.001857561615353771,7.840922790805278e-05,150000,11,18,125728336,617560,31664492749,59090242,2941753,46788401,132666109,93789849,1995235,1130593410,4526065978,518599938,6313328220,10293622416
ex:568,81 12 8 -48 -137 36 64,0.001857561615353771,1.938978193073319e-05,150000,11,22,125728336,617560,31664492749,59090242,1040280,46788401,140582984,32300324,491063,1188053926,4102887140,164195136,5602649614,8970748699
ex:568,81 12 8 -48 -137 36 64,0.001857561615353771,8.712019921258178e-06,150000,11,26,125728336,617560,31664492749,59090242,587024,46788401,143951036,17969972,219034,1202620600,4065567506,86547784,5509683936,8814662054
ex:568,81 12 8 -48 -137 36 64,0.001857561615353771,7.424537687308243e-06,150000,11,30,125728336,617560,31664492749,59090242,492628,46788401,145069768,15088531,186520,1162590928,4002824766,75569124,5392817688,8748015532
ex:568,81 12 8 -48 -137 36 64,0.00045216562530412335,7.840922790805278e-05,150000,14,18,125728336,617560,31664492749,14733382,2941753,13870659,33172317,93789849,1995235,1453825372,2292822314,510248000,4396544626,7137883369
ex:568,81 12 8 -48 -137 36 64,0.00045216562530412335,1.938978193073319e-05,150000,14,22,125728336,617560,31664492749,14733382,1040280,13870659,41089192,32300324,491063,2116313418,2432121162,212719192,4956654798,5898524938
ex:568,81 12 8 -48 -137 36 64,0.00045216562530412335,8.712019921258178e-06,150000,14,26,125728336,617560,31664492749,14733382,587024,13870659,44457244,17969972,219034,1546239818,1777240258,85768758,3556373606,5625230352
ex:568,81 12 8 -48 -137 36 64,0.00045216562530412335,7.424537687308243e-06,150000,14,30,125728336,617560,31664492749,14733382,492628,13870659,45575976,15088531,186520,1550994610,1756218234,74551674,3535866194,5626065488
ex:568,81 12 8 -48 -137 36 64,0.00011759291040775241,7.840922790805278e-05,150000,17,18,125728336,617560,31664492749,4180310,2941753,4110848,4110848,93789849,1995235,1827889986,1484343534,524773918,3972314654,6254859592
ex:568,81 12 8 -48 -137 36 64,0.00011759291040775241,1.938978193073319e-05,150000,17,22,125728336,617560,31664492749,4180310,1040280,4110848,12027723,32300324,491063,1835733022,988583234,155590508,3121430784,4965594937
ex:568,81 12 8 -48 -137 36 64,0.00011759291040775241,8.712019921258178e-06,150000,17,26,125728336,617560,31664492749,4180310,587024,4110848,15395775,17969972,219034,1865420550,915508982,81276654,3015743608,4804546144
ex:568,81 12 8 -48 -137 36 64,0.00011759291040775241,7.424537687308243e-06,150000,17,30,125728336,617560,31664492749,4180310,492628,4110848,16514507,15088531,186520,1890398782,938664450,72811084,3053424110,4826392849
ex:568,81 12 8 -48 -137 36 64,3.724858295067773e-05,1.938978193073319e-05,150000,20,22,125728336,617560,31664492749,1623490,1040280,1613454,2869807,32300324,491063,2124961386,730106598,152175612,3148298812,5067571474
ex:568,81 12 8 -48 -137 36 64,3.724858295067773e-05,8.712019921258178e-06,150000,20,26,125728336,617560,31664492749,1623490,587024,1613454,6237859,17969972,219034,2176167964,671703424,80344182,3074046414,4899934618
ex:568,81 12 8 -48 -137 36 64,3.724858295067773e-05,7.424537687308243e-06,150000,20,30,125728336,617560,31664492749,1623490,492628,1613454,7356591,15088531,186520,2235238330,691569734,71794096,3154144670,4912378558
ex:568,81 12 8 -48 -137 36 64,1.4870879126424385e-05,8.712019921258178e-06,150000,23,26,125728336,617560,31664492749,884316,587024,881470,2331774,17969972,219034,2555927032,606813410,82910802,3395727402,5290661832
ex:568,81 12 8 -48 -137 36 64,1.4870879126424385e-05,7.424537687308243e-06,150000,23,30,125728336,617560,31664492749,884316,492628,881470,3450506,15088531,186520,2527821222,595844298,71408842,3344995600,5319592095
ex:568,81 12 8 -48 -137 36 64,8.712019921258178e-06,8.712019921258178e-06,150000,26,26,125728336,617560,31664492749,587024,587024,585796,0,17969972,219034,2786842926,421002464,82024464,3432565294,5437183998
ex:568,81 12 8 -48 -137 36 64,8.712019921258178e-06,7.424537687308243e-06,150000,26,30,125728336,617560,31664492749,587024,492628,585796,1118732,15088531,186520,2732298400,539300956,69680390,3486198588,5636286760
bc:33,225 -1080 -474 2489 678 -392 4,0.0027377492594947376,0.00016060866477704886,25000,11,18,3007280,64805,473183508,1367066,152071,1042310,3423795,4624469,60481,44097334,114098622,20402396,196476394,299141762
bc:33,225 -1080 -474 2489 678 -392 4,0.0027377492594947376,5.190553860215752e-05,25000,11,22,3007280,64805,473183508,1367066,93031,1042310,3911291,2755052,19499,45714896,101385494,8573196,174132802,263668684
bc:33,225 -1080 -474 2489 678 -392 4,0.0027377492594947376,2.4016420182359516e-05,25000,11,26,3007280,64805,473183508,1367066,64594,1042310,4227380,1896672,9032,46527036,97308564,4573386,167591478,255510140
bc:33,225 -1080 -474 2489 678 -392 4,0.0027377492594947376,2.1621430912096517e-05,25000,11,30,3007280,64805,473183508,1367066,61146,1042310,4291300,1794967,8120,46604410,97823424,4176070,168966210,256565415
bc:33,225 -1080 -474 2489 678 -392 4,0.0007446921099831577,0.00016060866477704886,25000,14,18,3007280,64805,473183508,429715,152071,394500,1089230,4624469,60481,49774700,67066042,19356498,152282472,241101276
bc:33,225 -1080 -474 2489 678 -392 4,0.0007446921099831577,5.190553860215752e-05,25000,14,22,3007280,64805,473183508,429715,93031,394500,1576726,2755052,19499,51112572,55115208,7998950,130586538,207030348
bc:33,225 -1080 -474 2489 678 -392 4,0.0007446921099831577,2.4016420182359516e-05,25000,14,26,3007280,64805,473183508,429715,64594,394500,1892815,1896672,9032,53735208,53408710,4356478,129050006,199825290
bc:33,225 -1080 -474 2489 678 -392 4,0.0007446921099831577,2.1621430912096517e-05,25000,14,30,3007280,64805,473183508,429715,61146,394500,1956735,1794967,8120,55586436,53998738,4036482,132732748,202909666
bc:33,225 -1080 -474 2489 678 -392 4,0.00022628733117584202,0.00016060866477704886,25000,17,18,3007280,64805,473183508,183751,152071,177438,177438,4624469,60481,60145636,50053238,19805782,145442802,223966937
bc:33,225 -1080 -474 2489 678 -392 4,0.00022628733117584202,5.190553860215752e-05,25000,17,22,3007280,64805,473183508,183751,93031,177438,664934,2755052,19499,61651986,38795290,8164188,125629206,193395069
bc:33,225 -1080 -474 2489 678 -392 4,0.00022628733117584202,2.4016420182359516e-05,25000,17,26,3007280,64805,473183508,183751,64594,177438,981023,1896672,9032,62968796,36145574,4424776,121602936,186549370
bc:33,225 -1080 -474 2489 678 -392 4,0.00022628733117584202,2.1621430912096517e-05,25000,17,30,3007280,64805,473183508,183751,61146,177438,1044943,1794967,8120,64706132,36453368,4079828,123895604,186983321
bc:33,225 -1080 -474 2489 678 -392 4,8.881136943422438e-05,5.190553860215752e-05,25000,20,22,3007280,64805,473183508,114282,93031,111759,212493,2755052,19499,69569836,31609922,8151418,125049572,192751672
bc:33,225 -1080 -474 2489 678 -392 4,8.881136943422438e-05,2.4016420182359516e-05,25000,20,26,3007280,64805,473183508,114282,64594,111759,528582,1896672,9032,72272772,29131944,4398984,123494436,189185823
bc:33,225 -1080 -474 2489 678 -392 4,8.881136943422438e-05,2.1621430912096517e-05,25000,20,30,3007280,64805,473183508,114282,61146,111759,592502,1794967,8120,71743804,28716440,4011684,122042236,187909212
bc:33,225 -1080 -474 2489 678 -392 4,4.0848737479804444e-05,2.4016420182359516e-05,25000,23,26,3007280,64805,473183508,82824,64594,81518,224751,1896672,9032,79141474,25061506,4461402,124636218,192293013
bc:33,225 -1080 -474 2489 678 -392 4,4.0848737479804444e-05,2.1621430912096517e-05,25000,23,30,3007280,64805,473183508,82824,61146,81518,288671,1794967,8120,79876892,24978914,4051954,126202260,192894910
bc:33,225 -1080 -474 2489 678 -392 4,2.4016420182359516e-05,2.4016420182359516e-05,25000,26,26,3007280,64805,473183508,64594,64594,63920,0,1896672,9032,85452050,18124258,4304662,124561790,191634494
bc:33,225 -1080 -474 2489 678 -392 4,2.4016420182359516e-05,2.1621430912096517e-05,25000,26,30,3007280,64805,473183508,64594,61146,63920,63920,1794967,8120,87040956,22231632,4086028,130356136,199213702
bc:33,225 -1080 -474 2489 678 -392 4,0.0027377492594947376,0.00016060866477704886,75000,11,18,23809120,201356,4258623151,11843456,908633,9079668,28041020,28451700,548327,288836234,1071905878,166801220,1586377336,2227090972
bc:33,225 -1080 -474 2489 678 -392 4,0.0027377492594947376,5.190553860215752e-05,75000,11,22,23809120,201356,4258623151,11843456,426677,9079668,30726039,13018935,176414,290237912,884692708,64060486,1297126034,1936819259
bc:33,225 -1080 -474 2489 678 -392 4,0.0027377492594947376,2.4016420182359516e-05,75000,11,26,23809120,201356,4258623151,11843456,260519,9079668,32109725,7842368,80838,273815034,826461698,32795548,1190671156,1845901255
bc:33,225 -1080 -474 2489 678 -392 4,0.0027377492594947376,2.1621430912096517e-05,75000,11,30,23809120,201356,4258623151,11843456,242869,9079668,32368974,7308490,72607,272035462,825661334,30585208,1185588882,1839490497
bc:33,225 -1080 -474 2489 678 -392 4,0.0007446921099831577,0.00016060866477704886,75000,14,18,23809120,201356,4258623151,3389974,908633,3133479,8077936,28451700,548327,304371358,538723722,142637030,1032346982,1664162590
bc:33,225 -1080 -474 2489 678 -392 4,0.0007446921099831577,5.190553860215752e-05,75000,14,22,23809120,201356,4258623151,3389974,426677,3133479,10762955,13018935,176414,316264004,424361870,58014794,850820570,1360661225
bc:33,225 -1080 -474 2489 678 -392 4,0.0007446921099831577,2.4016420182359516e-05,75000,14,26,23809120,201356,4258623151,3389974,260519,3133479,12146641,7842368,80838,323963384,401697686,31771670,811204070,1288740040
bc:33,225 -1080 -474 2489 678 -392 4,0.0007446921099831577,2.1621430912096517e-05,75000,14,30,23809120,201356,4258623151,3389974,242869,3133479,12405890,7308490,72607,324673244,398591780,28463430,805488874,1288868822
bc:33,225 -1080 -474 2489 678 -392 4,0.00022628733117584202,0.00016060866477704886,75000,17,18,23809120,201356,4258623151,1188089,908633,1156884,1156884,28451700,548327,361484758,369139166,141227700,917612822,1487631732
bc:33,225 -1080 -474 2489 678 -392 4,0.00022628733117584202,5.190553860215752e-05,75000,17,22,23809120,201356,4258623151,1188089,426677,1156884,3841903,13018935,176414,375208054,264503866,57500312,747523936,1196091348
bc:33,225 -1080 -474 2489 678 -392 4,0.00022628733117584202,2.4016420182359516e-05,75000,17,26,23809120,201356,4258623151,1188089,260519,1156884,5225589,7842368,80838,383316350,239123916,30945130,705208330,1126569728
bc:33,225 -1080 -474 2489 678 -392 4,0.00022628733117584202,2.1621430912096517e-05,75000,17,30,23809120,201356,4258623151,1188089,242869,1156884,5484838,7308490,72607,392810414,239324774,29282874,716803354,1130394328
bc:33,225 -1080 -474 2489 678 -392 4,8.881136943422438e-05,5.190553860215752e-05,75000,20,22,23809120,201356,4258623151,593540,426677,585916,1080508,13018935,176414,442692916,207170350,58499888,758339824,1198945082
bc:33,225 -1080 -474 2489 678 -392 4,8.881136943422438e-05,2.4016420182359516e-05,75000,20,26,23809120,201356,4258623151,593540,260519,585916,2464194,7842368,80838,442908636,181664804,30827612,706788482,1128256638
bc:33,225 -1080 -474 2489 678 -392 4,8.881136943422438e-05,2.1621430912096517e-05,75000,20,30,23809120,201356,4258623151,593540,242869,585916,2723443,7308490,72607,449650888,181063248,28286576,711512226,1128940393
bc:33,225 -1080 -474 2489 678 -392 4,4.0848737479804444e-05,2.4016420182359516e-05,75000,23,26,23809120,201356,4258623151,364134,260519,361434,960842,7842368,80838,496740978,151811730,30543456,729979882,1166643728
bc:33,225 -1080 -474 2489 678 -392 4,4.0848737479804444e-05,2.1621430912096517e-05,75000,23,30,23809120,201356,4258623151,364134,242869,361434,1220091,7308490,72607,501345962,151537666,28294246,733207212,1171960860
bc:33,225 -1080 -474 2489 678 -392 4,2.4016420182359516e-05,2.4016420182359516e-05,75000,26,26,23809120,201356,4258623151,260519,260519,259249,0,7842368,80838,553105048,109055762,30687084,743546988,1182677691
bc:33,225 -1080 -474 2489 678 -392 4,2.4016420182359516e-05,2.1621430912096517e-05,75000,26,30,23809120,201356,4258623151,260519,242869,259249,259249,7308490,72607,558176722,136165016,28328928,774894396,1228082704
bc:33,225 -1080 -474 2489 678 -392 4,0.0027377492594947376,0.00016060866477704886,150000,11,18,91936816,542766,17034464355,46940817,3176141,36024892,109427013,100748808,2203036,863125898,3718039170,535791666,5244774408,8591225227
bc:33,225 -1080 -474 2489 678 -392 4,0.0027377492594947376,5.190553860215752e-05,150000,11,22,91936816,542766,17034464355,46940817,1290778,36024892,118438636,40180315,709747,908245050,3292640140,205890554,4543076940,7333815239
bc:33,225 -1080 -474 2489 678 -392 4,0.0027377492594947376,2.4016420182359516e-05,150000,11,26,91936816,542766,17034464355,46940817,715874,36024892,122472570,22003541,325563,904774492,3184051754,111908654,4338297902,7077051162
bc:33,225 -1080 -474 2489 678 -392 4,0.0027377492594947376,2.1621430912096517e-05,150000,11,30,91936816,542766,17034464355,46940817,659784,36024892,123185904,20258469,293094,908904622,3187551336,101742502,4338199830,7066566824
bc:33,225 -1080 -474 2489 678 -392 4,0.0007446921099831577,0.00016060866477704886,150000,14,18,91936816,542766,17034464355,13091695,3176141,12121921,30597250,100748808,2203036,1052881860,2067303710,523808370,3767753334,6192761590
bc:33,225 -1080 -474 2489 678 -392 4,0.0007446921099831577,5.190553860215752e-05,150000,14,22,91936816,542766,17034464355,13091695,1290778,12121921,39608873,40180315,709747,1099190132,1609772330,200247934,3038725640,4919212856
bc:33,225 -1080 -474 2489 678 -392 4,0.0007446921099831577,2.4016420182359516e-05,150000,14,26,91936816,542766,17034464355,13091695,715874,12121921,43642807,22003541,325563,1118453918,1530750520,108254734,2892248722,4679684269
bc:33,225 -1080 -474 2489 678 -392 4,0.0007446921099831577,2.1621430912096517e-05,150000,14,30,91936816,542766,17034464355,13091695,659784,12121921,44356141,20258469,293094,1144296460,1521158182,100975570,2909938022,4725785454
bc:33,225 -1080 -474 2489 678 -392 4,0.00022628733117584202,0.00016060866477704886,150000,17,18,91936816,542766,17034464355,4292265,3176141,4187076,4187076,100748808,2203036,1366153050,1446925304,537509010,3477305260,5549602251
bc:33,225 -1080 -474 2489 678 -392 4,0.00022628733117584202,5.190553860215752e-05,150000,17,22,91936816,542766,17034464355,4292265,1290778,4187076,13198699,40180315,709747,1365583220,969094486,196962024,2663648246,4310320751
bc:33,225 -1080 -474 2489 678 -392 4,0.00022628733117584202,2.4016420182359516e-05,150000,17,26,91936816,542766,17034464355,4292265,715874,4187076,17232633,22003541,325563,1394045156,882051124,106608652,2518126190,4036066931
bc:33,225 -1080 -474 2489 678 -392 4,0.00022628733117584202,2.1621430912096517e-05,150000,17,30,91936816,542766,17034464355,4292265,659784,4187076,17945967,20258469,293094,1383085238,863145118,98703824,2485144288,4015059380
bc:33,225 -1080 -474 2489 678 -392 4,8.881136943422438e-05,5.190553860215752e-05,150000,20,22,91936816,542766,17034464355,1937392,1290778,1916624,3474698,40180315,709747,1571581846,736649304,202526880,2641787246,4289505376
bc:33,225 -1080 -474 2489 678 -392 4,8.881136943422438e-05,2.4016420182359516e-05,150000,20,26,91936816,542766,17034464355,1937392,715874,1916624,7508632,22003541,325563,1607325658,637541494,105947082,2488823674,4025069056
bc:33,225 -1080 -474 2489 678 -392 4,8.881136943422438e-05,2.1621430912096517e-05,150000,20,30,91936816,542766,17034464355,1937392,659784,1916624,8221966,20258469,293094,1602536384,632010270,96920348,2473896772,4016518621
bc:33,225 -1080 -474 2489 678 -392 4,4.0848737479804444e-05,2.4016420182359516e-05,150000,23,26,91936816,542766,17034464355,1068983,715874,1063000,2752080,22003541,325563,1837540506,539798360,107172254,2616003592,4182967546
bc:33,225 -1080 -474 2489 678 -392 4,4.0848737479804444e-05,2.1621430912096517e-05,150000,23,30,91936816,542766,17034464355,1068983,659784,1063000,3465414,20258469,293094,1826768060,534969218,99266960,2599106848,4196118276
bc:33,225 -1080 -474 2489 678 -392 4,2.4016420182359516e-05,2.4016420182359516e-05,150000,26,26,91936816,542766,17034464355,715874,715874,713334,0,22003541,325563,2020191984,383945780,105455944,2643745224,4278499256
bc:33,225 -1080 -474 2489 678 -392 4,2.4016420182359516e-05,2.1621430912096517e-05,150000,26,30,91936816,542766,17034464355,715874,659784,713334,713334,20258469,293094,2039047230,482371720,97639746,2751749948,4418558003
bc:1451,46206000 -119956800 -321256619 411391728 665817346 137451720 23668225,0.004873490361092851,0.00043679886208530013,25000,11,18,1650960,23045,373697341,1990220,226336,1090906,4332479,7122452,153675,21315932,121987346,39404922,200401976,320600656
bc:1451,46206000 -119956800 -321256619 411391728 665817346 137451720 23668225,0.004873490361092851,0.00016695527057802945,25000,11,22,1650960,23045,373697341,1990220,105297,1090906,4966062,3271159,61893,21641544,95496188,18388598,153797284,242694249
bc:1451,46206000 -119956800 -321256619 411391728 665817346 137451720 23668225,0.004873490361092851,0.00011280520863605528,25000,11,26,1650960,23045,373697341,1990220,75515,1090906,5235311,2336034,42295,21677402,89970948,13819662,143830086,227635266
bc:1451,46206000 -119956800 -321256619 411391728 665817346 137451720 23668225,0.004873490361092851,0.00011280520863605528,25000,11,30,1650960,23045,373697341,1990220,75515,1090906,5235311,2336034,42295,21999612,89959058,13909984,144431742,228584363
bc:1451,46206000 -119956800 -321256619 411391728 665817346 137451720 23668225,0.0016261731598706053,0.00043679886208530013,25000,14,18,1650960,23045,373697341,717151,226336,567833,1615217,7122452,153675,25591126,101765398,39845594,184914500,292957230
bc:1451,46206000 -119956800 -321256619 411391728 665817346 137451720 23668225,0.0016261731598706053,0.00016695527057802945,25000,14,22,1650960,23045,373697341,717151,105297,567833,2248800,3271159,61893,26550582,72168738,17812860,134308198,217873211
bc:1451,46206000 -119956800 -321256619 411391728 665817346 137451720 23668225,0.0016261731598706053,0.00011280520863605528,25000,14,26,1650960,23045,373697341,717151,75515,567833,2518049,2336034,42295,26603726,68975890,13544874,128182662,202330496
bc:1451,46206000 -119956800 -321256619 411391728 665817346 137451720 23668225,0.0016261731598706053,0.00011280520863605528,25000,14,30,1650960,23045,373697341,717151,75515,567833,2518049,2336034,42295,26783414,69292446,13646872,128902452,202914972
bc:1451,46206000 -119956800 -321256619 411391728 665817346 137451720 23668225,0.0005955725965213199,0.00043679886208530013,25000,17,18,1650960,23045,373697341,292224,226336,264879,264879,7122452,153675,30446132,76605022,39551182,163700584,260397996
bc:1451,46206000 -119956800 -321256619 411391728 665817346 137451720 23668225,0.0005955725965213199,0.00016695527057802945,25000,17,22,1650960,23045,373697341,292224,105297,264879,898462,3271159,61893,30967090,51256958,18138964,119105384,187202772
bc:1451,46206000 -119956800 -321256619 411391728 665817346 137451720 23668225,0.0005955725965213199,0.00011280520863605528,25000,17,26,1650960,23045,373697341,292224,75515,264879,1167711,2336034,42295,32253354,47136450,14113630,114077476,173730867
bc:1451,46206000 -119956800 -321256619 411391728 665817346 137451720 23668225,0.0005955725965213199,0.00011280520863605528,25000,17,30,1650960,23045,373697341,292224,75515,264879,1167711,2336034,42295,31131638,46516984,13447626,108962064,172097149
bc:1451,46206000 -119956800 -321256619 411391728 665817346 137451720 23668225,0.0002566148865317757,0.00016695527057802945,25000,20,22,1650960,23045,373697341,145173,105297,137959,255313,3271159,61893,34730400,39763292,17997588,110032526,175393759
bc:1451,46206000 -119956800 -321256619 411391728 665817346 137451720 23668225,0.0002566148865317757,0.00011280520863605528,25000,20,26,1650960,23045,373697341,145173,75515,137959,524562,2336034,42295,35975194,35955920,13709542,103600142,163407128
bc:1451,46206000 -119956800 -321256619 411391728 665817346 137451720 23668225,0.0002566148865317757,0.00011280520863605528,25000,20,30,1650960,23045,373697341,145173,75515,137959,524562,2336034,42295,36965030,35686490,13559310,105181306,164810124
bc:1451,46206000 -119956800 -321256619 411391728 665817346 137451720 23668225,0.0001391819930527618,0.00011280520863605528,25000,23,26,1650960,23045,373697341,93092,75515,89766,168027,2336034,42295,40109126,30026818,13752906,101947220,158077951
bc:1451,46206000 -119956800 -321256619 411391728 665817346 137451720 23668225,0.0001391819930527618,0.00011280520863605528,25000,23,30,1650960,23045,373697341,93092,75515,89766,168027,2336034,42295,39338728,29414402,13414272,99782712,157558108
bc:1451,46206000 -119956800 -321256619 411391728 665817346 137451720 23668225,0.00011280520863605528,0.00011280520863605528,25000,26,26,1650960,23045,373697341,75515,75515,73380,0,2336034,42295,41381978,23273000,13117784,95033190,153387932
bc:1451,46206000 -119956800 -321256619 411391728 665817346 137451720 23668225,0.00011280520863605528,0.00011280520863605528,25000,26,30,1650960,23045,373697341,75515,75515,73380,0,2336034,42295,42142750,23903430,13373186,97037484,152995707
bc:1451,46206000 -119956800 -321256619 411391728 665817346 137451720 23668225,0.004873490361092851,0.00043679886208530013,75000,11,18,12912864,85366,3167718171,16644866,1724587,9163528,35819124,55050536,1307044,129041070,1068832170,299471610,1552730928,2550644905
bc:1451,46206000 -119956800 -321256619 411391728 665817346 137451720 23668225,0.004873490361092851,0.00016695527057802945,75000,11,22,12912864,85366,3167718171,16644866,730950,9163528,40538848,23275531,524209,131378990,826027374,130955410,1147370260,1877054681
bc:1451,46206000 -119956800 -321256619 411391728 665817346 137451720 23668225,0.004873490361092851,0.00011280520863605528,75000,11,26,12912864,85366,3167718171,16644866,507515,9163528,42389655,16133073,358093,132093878,794693116,93964148,1076966600,1760424995
bc:1451,46206000 -119956800 -321256619 411391728 665817346 137451720 23668225,0.004873490361092851,0.00011280520863605528,75000,11,30,12912864,85366,3167718171,16644866,507515,9163528,42389655,16133073,358093,132437792,793561128,94907126,1080485942,1764155188
bc:1451,46206000 -119956800 -321256619 411391728 665817346 137451720 23668225,0.0016261731598706053,0.00043679886208530013,75000,14,18,12912864,85366,3167718171,5868476,1724587,4675126,13092996,55050536,1307044,156303494,844199388,294675192,1351621192,2253074366
bc:1451,46206000 -119956800 -321256619 411391728 665817346 137451720 23668225,0.0016261731598706053,0.00016695527057802945,75000,14,22,12912864,85366,3167718171,5868476,730950,4675126,17812720,23275531,524209,163770096,623647832,130879622,973394706,1591569486
bc:1451,46206000 -119956800 -321256619 411391728 665817346 137451720 23668225,0.0016261731598706053,0.00011280520863605528,75000,14,26,12912864,85366,3167718171,5868476,507515,4675126,19663527,16133073,358093,168835648,593658080,94282562,913863494,1478547834
bc:1451,46206000 -119956800 -321256619 411391728 665817346 137451720 23668225,0.0016261731598706053,0.00011280520863605528,75000,14,30,12912864,85366,3167718171,5868476,507515,4675126,19663527,16133073,358093,165144596,587238900,93213438,901283928,1476443044
bc:1451,46206000 -119956800 -321256619 411391728 665817346 137451720 23668225,0.0005955725965213199,0.00043679886208530013,75000,17,18,12912864,85366,3167718171,2281362,1724587,2084156,2084156,55050536,1307044,197369536,647431436,305516502,1204803606,1928459727
bc:1451,46206000 -119956800 -321256619 411391728 665817346 137451720 23668225,0.0005955725965213199,0.00016695527057802945,75000,17,22,12912864,85366,3167718171,2281362,730950,2084156,6803880,23275531,524209,196369870,412759288,128830118,792650368,1294804477
bc:1451,46206000 -119956800 -321256619 411391728 665817346 137451720 23668225,0.0005955725965213199,0.00011280520863605528,75000,17,26,12912864,85366,3167718171,2281362,507515,2084156,8654687,16133073,358093,197675180,377471850,91543358,721749342,1182453209
bc:1451,46206000 -119956800 -321256619 411391728 665817346 137451720 23668225,0.0005955725965213199,0.00011280520863605528,75000,17,30,12912864,85366,3167718171,2281362,507515,2084156,8654687,16133073,358093,198289712,375603074,91251618,720164886,1179670656
bc:1451,46206000 -119956800 -321256619 411391728 665817346 137451720 23668225,0.0002566148865317757,0.00016695527057802945,75000,20,22,12912864,85366,3167718171,1049357,730950,1006273,1843388,23275531,524209,232317372,316307718,130190048,733573960,1187374695
bc:1451,46206000 -119956800 -321256619 411391728 665817346 137451720 23668225,0.0002566148865317757,0.00011280520863605528,75000,20,26,12912864,85366,3167718171,1049357,507515,1006273,3694195,16133073,358093,235205754,283048266,92477396,666608134,1073826331
bc:1451,46206000 -119956800 -321256619 411391728 665817346 137451720 23668225,0.0002566148865317757,0.00011280520863605528,75000,20,30,12912864,85366,3167718171,1049357,507515,1006273,3694195,16133073,358093,229521476,279412788,91362338,654891618,1072567401
bc:1451,46206000 -119956800 -321256619 411391728 665817346 137451720 23668225,0.0001391819930527618,0.00011280520863605528,75000,23,26,12912864,85366,3167718171,628247,507515,612440,1141121,16133073,358093,261491456,226889954,92044490,636240724,1031902079
bc:1451,46206000 -119956800 -321256619 411391728 665817346 137451720 23668225,0.0001391819930527618,0.00011280520863605528,75000,23,30,12912864,85366,3167718171,628247,507515,612440,1141121,16133073,358093,259338524,226984494,92295176,633135592,1026332996
bc:1451,46206000 -119956800 -321256619 411391728 665817346 137451720 23668225,0.00011280520863605528,0.00011280520863605528,75000,26,26,12912864,85366,3167718171,507515,507515,497351,0,16133073,358093,280434840,183924188,92189664,611391254,992720314
bc:1451,46206000 -119956800 -321256619 411391728 665817346 137451720 23668225,0.00011280520863605528,0.00011280520863605528,75000,26,30,12912864,85366,3167718171,507515,507515,497351,0,16133073,358093,281191644,184262672,91939540,613049954,996684254
bc:1451,46206000 -119956800 -321256619 411391728 665817346 137451720 23668225,0.004873490361092851,0.00043679886208530013,150000,11,18,49170912,254743,12326854433,64455824,6511845,35568334,138387274,208601053,5092188,478929408,4364633454,1326431656,6302423360,10296221089
bc:1451,46206000 -119956800 -321256619 411391728 665817346 137451720 23668225,0.004873490361092851,0.00016695527057802945,150000,11,22,49170912,254743,12326854433,64455824,2679661,35568334,156069458,85958599,2038952,475101412,3368794050,564721212,4543797968,7463729950
bc:1451,46206000 -119956800 -321256619 411391728 665817346 137451720 23668225,0.004873490361092851,0.00011280520863605528,150000,11,26,49170912,254743,12326854433,64455824,1838168,35568334,162820179,58939355,1392665,476013124,3228431098,398184014,4239077020,6991365845
bc:1451,46206000 -119956800 -321256619 411391728 665817346 137451720 23668225,0.004873490361092851,0.00011280520863605528,150000,11,30,49170912,254743,12326854433,64455824,1838168,35568334,162820179,58939355,1392665,481700432,3244949312,403603092,4265231412,7002061282
bc:1451,46206000 -119956800 -321256619 411391728 665817346 137451720 23668225,0.0016261731598706053,0.00043679886208530013,150000,14,18,49170912,254743,12326854433,22601392,6511845,18037335,50292530,208601053,5092188,587984240,3429837980,1304621882,5452228316,8988545348
bc:1451,46206000 -119956800 -321256619 411391728 665817346 137451720 23668225,0.0016261731598706053,0.00016695527057802945,150000,14,22,49170912,254743,12326854433,22601392,2679661,18037335,67974714,85958599,2038952,588651498,2464335692,555502766,3741711950,6172809755
bc:1451,46206000 -119956800 -321256619 411391728 665817346 137451720 23668225,0.0016261731598706053,0.00011280520863605528,150000,14,26,49170912,254743,12326854433,22601392,1838168,18037335,74725435,58939355,1392665,584080918,2328589334,396178712,3442899874,5673842882
bc:1451,46206000 -119956800 -321256619 411391728 665817346 137451720 23668225,0.0016261731598706053,0.00011280520863605528,150000,14,30,49170912,254743,12326854433,22601392,1838168,18037335,74725435,58939355,1392665,586438734,2334655730,393729636,3445983990,5677759123
bc:1451,46206000 -119956800 -321256619 411391728 665817346 137451720 23668225,0.0005955725965213199,0.00043679886208530013,150000,17,18,49170912,254743,12326854433,8673613,6511845,7937598,7937598,208601053,5092188,697539670,2486892578,1293691840,4604912920,7650931259
bc:1451,46206000 -119956800 -321256619 411391728 665817346 137451720 23668225,0.0005955725965213199,0.00016695527057802945,150000,17,22,49170912,254743,12326854433,8673613,2679661,7937598,25619782,85958599,2038952,704951988,1615294294,548617076,2998616488,4952604549
bc:1451,46206000 -119956800 -321256619 411391728 665817346 137451720 23668225,0.0005955725965213199,0.00011280520863605528,150000,17,26,49170912,254743,12326854433,8673613,1838168,7937598,32370503,58939355,1392665,702377046,1477822812,391777906,2701943260,4452377719
bc:1451,46206000 -119956800 -321256619 411391728 665817346 137451720 23668225,0.0005955725965213199,0.00011280520863605528,150000,17,30,49170912,254743,12326854433,8673613,1838168,7937598,32370503,58939355,1392665,714353524,1471000624,389090710,2706389228,4472751764
bc:1451,46206000 -119956800 -321256619 411391728 665817346 137451720 23668225,0.0002566148865317757,0.00016695527057802945,150000,20,22,49170912,254743,12326854433,3898431,2679661,3745165,6837442,85958599,2038952,805631992,1208167364,549730338,2691950646,4448868512
bc:1451,46206000 -119956800 -321256619 411391728 665817346 137451720 23668225,0.0002566148865317757,0.00011280520863605528,150000,20,26,49170912,254743,12326854433,3898431,1838168,3745165,13588163,58939355,1392665,840548250,1077390350,386281286,2434064598,4009584322
bc:1451,46206000 -119956800 -321256619 411391728 665817346 137451720 23668225,0.0002566148865317757,0.00011280520863605528,150000,20,30,49170912,254743,12326854433,3898431,1838168,3745165,13588163,58939355,1392665,834268550,1076755212,386622378,2431047770,4014196212
bc:1451,46206000 -119956800 -321256619 411391728 665817346 137451720 23668225,0.0001391819930527618,0.00011280520863605528,150000,23,26,49170912,254743,12326854433,2281217,1838168,2228180,4144177,58939355,1392665,940008160,856090350,384430028,2310388704,3831054865
bc:1451,46206000 -119956800 -321256619 411391728 665817346 137451720 23668225,0.0001391819930527618,0.00011280520863605528,150000,23,30,49170912,254743,12326854433,2281217,1838168,2228180,4144177,58939355,1392665,939550728,867670698,387454332,2323487292,3811291816
bc:1451,46206000 -119956800 -321256619 411391728 665817346 137451720 23668225,0.00011280520863605528,0.00011280520863605528,150000,26,26,49170912,254743,12326854433,1838168,1838168,1803813,0,58939355,1392665,1021879320,709217670,388551184,2249208018,3688364457
bc:1451,46206000 -119956800 -321256619 411391728 665817346 137451720 23668225,0.00011280520863605528,0.00011280520863605528,150000,26,30,49170912,254743,12326854433,1838168,1838168,1803813,0,58939355,1392665,1035412736,709375622,393269208,2274051132,3713964518
bc:229,84100 277180 -404739 -629776 668004 29520 3600,0.005929940500567178,0.0003719369570151469,25000,11,18,3756224,50000,854197364,5118131,395765,2627805,9616423,12486399,254363,46009460,241834166,65638842,366918640,586020213
bc:229,84100 277180 -404739 -629776 668004 29520 3600,0.005929940500567178,0.0001321227881625786,25000,11,22,3756224,50000,854197364,5118131,183699,2627805,10733171,5701267,90052,48362256,191811592,28109532,283661658,450651580
bc:229,84100 277180 -404739 -629776 668004 29520 3600,0.005929940500567178,9.422868453081102e-05,25000,11,26,3756224,50000,854197364,5118131,140184,2627805,11214056,4327026,64263,50501420,188798284,21928832,276570470,430422352
bc:229,84100 277180 -404739 -629776 668004 29520 3600,0.005929940500567178,9.422868453081102e-05,25000,11,30,3756224,50000,854197364,5118131,140184,2627805,11214056,4327026,64263,50133502,187838354,21734062,275196102,431858190
bc:229,84100 277180 -404739 -629776 668004 29520 3600,0.0016591251254151887,0.0003719369570151469,25000,14,18,3756224,50000,854197364,1488226,395765,1202403,3246360,12486399,254363,57496638,186684648,65610800,322887172,514935436
bc:229,84100 277180 -404739 -629776 668004 29520 3600,0.0016591251254151887,0.0001321227881625786,25000,14,22,3756224,50000,854197364,1488226,183699,1202403,4363108,5701267,90052,58985604,137673826,27305434,238463502,379278039
bc:229,84100 277180 -404739 -629776 668004 29520 3600,0.0016591251254151887,9.422868453081102e-05,25000,14,26,3756224,50000,854197364,1488226,140184,1202403,4843993,4327026,64263,59214638,131463020,21302416,226711558,360287705
bc:229,84100 277180 -404739 -629776 668004 29520 3600,0.0016591251254151887,9.422868453081102e-05,25000,14,30,3756224,50000,854197364,1488226,140184,1202403,4843993,4327026,64263,60083826,132097086,21687546,228789114,361301163
bc:229,84100 277180 -404739 -629776 668004 29520 3600,0.0005312731010954971,0.0003719369570151469,25000,17,18,3756224,50000,854197364,531065,395765,491949,491949,12486399,254363,67915200,135527900,65225008,282361748,448859929
bc:229,84100 277180 -404739 -629776 668004 29520 3600,0.0005312731010954971,0.0001321227881625786,25000,17,22,3756224,50000,854197364,531065,183699,491949,1608697,5701267,90052,69150004,88648526,27141074,199463682,316236688
bc:229,84100 277180 -404739 -629776 668004 29520 3600,0.0005312731010954971,9.422868453081102e-05,25000,17,26,3756224,50000,854197364,531065,140184,491949,2089582,4327026,64263,71034092,82855502,21171804,189589926,298171259
bc:229,84100 277180 -404739 -629776 668004 29520 3600,0.0005312731010954971,9.422868453081102e-05,25000,17,30,3756224,50000,854197364,531065,140184,491949,2089582,4327026,64263,71584576,84219404,21429552,192130530,299369510
bc:229,84100 277180 -404739 -629776 668004 29520 3600,0.0002084492373863385,0.0001321227881625786,25000,20,22,3756224,50000,854197364,254218,183699,244964,452550,5701267,90052,81071820,68780178,27702940,192582042,299079187
bc:229,84100 277180 -404739 -629776 668004 29520 3600,0.0002084492373863385,9.422868453081102e-05,25000,20,26,3756224,50000,854197364,254218,140184,244964,933435,4327026,64263,79452212,61857672,20803008,176829292,280681326
bc:229,84100 277180 -404739 -629776 668004 29520 3600,0.0002084492373863385,9.422868453081102e-05,25000,20,30,3756224,50000,854197364,254218,140184,244964,933435,4327026,64263,80740048,61586594,20827178,177674244,282373491
bc:229,84100 277180 -404739 -629776 668004 29520 3600,0.0001073755437616794,9.422868453081102e-05,25000,23,26,3756224,50000,854197364,160992,140184,156943,302254,4327026,64263,90662178,51949388,21049586,177740938,278573392
bc:229,84100 277180 -404739 -629776 668004 29520 3600,0.0001073755437616794,9.422868453081102e-05,25000,23,30,3756224,50000,854197364,160992,140184,156943,302254,4327026,64263,91973032,52578366,21217206,181053782,279375610
bc:229,84100 277180 -404739 -629776 668004 29520 3600,9.422868453081102e-05,9.422868453081102e-05,25000,26,26,3756224,50000,854197364,140184,140184,137156,0,4327026,64263,97596742,42552340,21431402,176495418,272632582
bc:229,84100 277180 -404739 -629776 668004 29520 3600,9.422868453081102e-05,9.422868453081102e-05,25000,26,30,3756224,50000,854197364,140184,140184,137156,0,4327026,64263,97114980,42966556,21282558,176279284,272024272
bc:229,84100 277180 -404739 -629776 668004 29520 3600,0.005929940500567178,0.0003719369570151469,75000,11,18,31269968,195222,7687714160,45660211,3082010,23479990,84364854,98584571,2305950,301633514,2199115716,538446288,3092622872,5094565452
bc:229,84100 277180 -404739 -629776 668004 29520 3600,0.005929940500567178,0.0001321227881625786,75000,11,22,31269968,195222,7687714160,45660211,1222678,23479990,92689626,38880721,817017,315191482,1764196878,214126146,2344232014,3816355481
bc:229,84100 277180 -404739 -629776 668004 29520 3600,0.005929940500567178,9.422868453081102e-05,75000,11,26,31269968,195222,7687714160,45660211,894880,23479990,95835810,28391176,581752,313165396,1722300564,162572138,2252683698,3659986172
bc:229,84100 277180 -404739 -629776 668004 29520 3600,0.005929940500567178,9.422868453081102e-05,75000,11,30,31269968,195222,7687714160,45660211,894880,23479990,95835810,28391176,581752,318915836,1725734720,161764132,2259392264,3673505261
bc:229,84100 277180 -404739 -629776 668004 29520 3600,0.0016591251254151887,0.0003719369570151469,75000,14,18,31269968,195222,7687714160,12929346,3082010,10495678,27683266,98584571,2305950,379954052,1654191746,534023892,2615849402,4320330640
bc:229,84100 277180 -404739 -629776 668004 29520 3600,0.0016591251254151887,0.0001321227881625786,75000,14,22,31269968,195222,7687714160,12929346,1222678,10495678,36008038,38880721,817017,385753446,1204444822,211014838,1848767244,3032860733
bc:229,84100 277180 -404739 -629776 668004 29520 3600,0.0016591251254151887,9.422868453081102e-05,75000,14,26,31269968,195222,7687714160,12929346,894880,10495678,39154222,28391176,581752,398361252,1172435928,159326976,1782607056,2894971022
bc:229,84100 277180 -404739 -629776 668004 29520 3600,0.0016591251254151887,9.422868453081102e-05,75000,14,30,31269968,195222,7687714160,12929346,894880,10495678,39154222,28391176,581752,410085342,1183280062,161248338,1806268344,2915390268
bc:229,84100 277180 -404739 -629776 668004 29520 3600,0.0005312731010954971,0.0003719369570151469,75000,17,18,31269968,195222,7687714160,4297866,3082010,4005294,4005294,98584571,2305950,462596856,1167489340,534085410,2211340602,3644017366
bc:229,84100 277180 -404739 -629776 668004 29520 3600,0.0005312731010954971,0.0001321227881625786,75000,17,22,31269968,195222,7687714160,4297866,1222678,4005294,12330066,38880721,817017,570099644,842172690,238142578,1708841468,2475794284
bc:229,84100 277180 -404739 -629776 668004 29520 3600,0.0005312731010954971,9.422868453081102e-05,75000,17,26,31269968,195222,7687714160,4297866,894880,4005294,15476250,28391176,581752,485106450,693737600,156141662,1386909426,2246872740
bc:229,84100 277180 -404739 -629776 668004 29520 3600,0.0005312731010954971,9.422868453081102e-05,75000,17,30,31269968,195222,7687714160,4297866,894880,4005294,15476250,28391176,581752,497570690,711636640,161167386,1430527166,2262466294
bc:229,84100 277180 -404739 -629776 668004 29520 3600,0.0002084492373863385,0.0001321227881625786,75000,20,22,31269968,195222,7687714160,1825354,1222678,1772055,3219942,38880721,817017,560260254,547515668,210061842,1367722538,2221270258
bc:229,84100 277180 -404739 -629776 668004 29520 3600,0.0002084492373863385,9.422868453081102e-05,75000,20,26,31269968,195222,7687714160,1825354,894880,1772055,6366126,28391176,581752,554432506,495439834,155081506,1258774088,2063669821
bc:229,84100 277180 -404739 -629776 668004 29520 3600,0.0002084492373863385,9.422868453081102e-05,75000,20,30,31269968,195222,7687714160,1825354,894880,1772055,6366126,28391176,581752,565123046,516800250,160358256,1296610924,2051992684
bc:229,84100 277180 -404739 -629776 668004 29520 3600,0.0001073755437616794,9.422868453081102e-05,75000,23,26,31269968,195222,7687714160,1028875,894880,1011819,1947465,28391176,581752,642345766,407967854,156743658,1258813506,2027152213
bc:229,84100 277180 -404739 -629776 668004 29520 3600,0.0001073755437616794,9.422868453081102e-05,75000,23,30,31269968,195222,7687714160,1028875,894880,1011819,1947465,28391176,581752,640563656,408589744,157687916,1259238316,2028161296
bc:229,84100 277180 -404739 -629776 668004 29520 3600,9.422868453081102e-05,9.422868453081102e-05,75000,26,26,31269968,195222,7687714160,894880,894880,882032,0,28391176,581752,720077766,345948952,163622320,1282957654,1992215717
bc:229,84100 277180 -404739 -629776 668004 29520 3600,9.422868453081102e-05,9.422868453081102e-05,75000,26,30,31269968,195222,7687714160,894880,894880,882032,0,28391176,581752,709474344,341016346,162859786,1270940002,1983872584
bc:229,84100 277180 -404739 -629776 668004 29520 3600,0.005929940500567178,0.0003719369570151469,150000,11,18,122509232,624763,30750794532,182256221,11835784,93746364,335237089,380171010,9228831,1150686666,9155523186,2065572904,12521300130,20647163297
bc:229,84100 277180 -404739 -629776 668004 29520 3600,0.005929940500567178,0.0001321227881625786,150000,11,22,122509232,624763,30750794532,182256221,4450040,93746364,366732913,142750593,3272179,1161567966,7309399664,808482548,9430780176,15487614385
bc:229,84100 277180 -404739 -629776 668004 29520 3600,0.005929940500567178,9.422868453081102e-05,150000,11,26,122509232,624763,30750794532,182256221,3202100,93746364,378085919,102618946,2329779,1141021744,7167656778,604805638,9066381106,14889710619
bc:229,84100 277180 -404739 -629776 668004 29520 3600,0.005929940500567178,9.422868453081102e-05,150000,11,30,122509232,624763,30750794532,182256221,3202100,93746364,378085919,102618946,2329779,1159375510,7146556640,600316020,9060722954,14929119684
bc:229,84100 277180 -404739 -629776 668004 29520 3600,0.0016591251254151887,0.0003719369570151469,150000,14,18,122509232,624763,30750794532,51254843,11835784,41651086,109173190,380171010,9228831,1396853792,6779104816,2038905244,10358266928,17146857569
bc:229,84100 277180 -404739 -629776 668004 29520 3600,0.0016591251254151887,0.0001321227881625786,150000,14,22,122509232,624763,30750794532,51254843,4450040,41651086,140669014,142750593,3272179,1462589546,4919079606,791788618,7327578418,12081362688
bc:229,84100 277180 -404739 -629776 668004 29520 3600,0.0016591251254151887,9.422868453081102e-05,150000,14,26,122509232,624763,30750794532,51254843,3202100,41651086,152022020,102618946,2329779,1467161646,4730343900,587013490,6942711038,11485140535
bc:229,84100 277180 -404739 -629776 668004 29520 3600,0.0016591251254151887,9.422868453081102e-05,150000,14,30,122509232,624763,30750794532,51254843,3202100,41651086,152022020,102618946,2329779,1466109226,4743452240,586143494,6947849236,11473153498
bc:229,84100 277180 -404739 -629776 668004 29520 3600,0.0005312731010954971,0.0003719369570151469,150000,17,18,122509232,624763,30750794532,16704161,11835784,15587301,15587301,380171010,9228831,1715006778,4662422088,2026949056,8548466160,14228009286
bc:229,84100 277180 -404739 -629776 668004 29520 3600,0.0005312731010954971,0.0001321227881625786,150000,17,22,122509232,624763,30750794532,16704161,4450040,15587301,47083125,142750593,3272179,1752884002,2919269440,780429510,5602171718,9250591345
bc:229,84100 277180 -404739 -629776 668004 29520 3600,0.0005312731010954971,9.422868453081102e-05,150000,17,26,122509232,624763,30750794532,16704161,3202100,15587301,58436131,102618946,2329779,1773834318,2730158240,577201054,5231088042,8616906130
bc:229,84100 277180 -404739 -629776 668004 29520 3600,0.0005312731010954971,9.422868453081102e-05,150000,17,30,122509232,624763,30750794532,16704161,3202100,15587301,58436131,102618946,2329779,1774041566,2727528898,574089768,5225785958,8618339379
bc:229,84100 277180 -404739 -629776 668004 29520 3600,0.0002084492373863385,0.0001321227881625786,150000,20,22,122509232,624763,30750794532,6824851,4450040,6635669,11988891,142750593,3272179,2072309302,2120615126,781316200,5122264432,8447691594
bc:229,84100 277180 -404739 -629776 668004 29520 3600,0.0002084492373863385,9.422868453081102e-05,150000,20,26,122509232,624763,30750794532,6824851,3202100,6635669,23341897,102618946,2329779,2075780472,1959775050,584664612,4769908948,7796231418
bc:229,84100 277180 -404739 -629776 668004 29520 3600,0.0002084492373863385,9.422868453081102e-05,150000,20,30,122509232,624763,30750794532,6824851,3202100,6635669,23341897,102618946,2329779,2107690772,1947914598,576083064,4785417546,7858196704
bc:229,84100 277180 -404739 -629776 668004 29520 3600,0.0001073755437616794,9.422868453081102e-05,150000,23,26,122509232,624763,30750794532,3684026,3202100,3629075,6983079,102618946,2329779,2370604274,1572388994,577367270,4668708022,7652469305
bc:229,84100 277180 -404739 -629776 668004 29520 3600,0.0001073755437616794,9.422868453081102e-05,150000,23,30,122509232,624763,30750794532,3684026,3202100,3629075,6983079,102618946,2329779,2372932632,1568706496,575263400,4667055358,7657670823
bc:229,84100 277180 -404739 -629776 668004 29520 3600,9.422868453081102e-05,9.422868453081102e-05,150000,26,26,122509232,624763,30750794532,3202100,3202100,3160718,0,102618946,2329779,2536391024,1284275404,575296544,4544921754,7464638202
bc:229,84100 277180 -404739 -629776 668004 29520 3600,9.422868453081102e-05,9.422868453081102e-05,150000,26,30,122509232,624763,30750794532,3202100,3202100,3160718,0,102618946,2329779,2540076590,1291700608,578637798,4558872468,7452288661
bc:1944,802022400 -4556248320 9004690000 5704997400 -7622962175 1184435670 180906625,0.008487388302358156,0.0007808437083833846,25000,11,18,1422016,18050,325309189,2847990,286119,1142189,4952471,9019955,209962,18658618,135536600,50756216,220137154,354767167
bc:1944,802022400 -4556248320 9004690000 5704997400 -7622962175 1184435670 180906625,0.008487388302358156,0.0002436896998912742,25000,11,22,1422016,18050,325309189,2847990,105297,1142189,5691491,3277962,65800,19634258,92161108,19035514,147918706,233278520
bc:1944,802022400 -4556248320 9004690000 5704997400 -7622962175 1184435670 180906625,0.008487388302358156,0.00014476256870927829,25000,11,26,1422016,18050,325309189,2847990,65124,1142189,6022848,2009511,38912,19656764,86193080,12698370,134911394,212518293
bc:1944,802022400 -4556248320 9004690000 5704997400 -7622962175 1184435670 180906625,0.008487388302358156,0.00013448356974767273,25000,11,30,1422016,18050,325309189,2847990,59611,1142189,6086336,1837742,36102,19948892,85300936,12139366,133896666,211324521
bc:1944,802022400 -4556248320 9004690000 5704997400 -7622962175 1184435670 180906625,0.0028140208629838927,0.0007808437083833846,25000,14,18,1422016,18050,325309189,966731,286119,677550,1976491,9019955,209962,22721572,123034374,51301918,212176664,337289601
bc:1944,802022400 -4556248320 9004690000 5704997400 -7622962175 1184435670 180906625,0.0028140208629838927,0.0002436896998912742,25000,14,22,1422016,18050,325309189,966731,105297,677550,2715511,3277962,65800,23730228,78330900,18775640,137601024,216553955
bc:1944,802022400 -4556248320 9004690000 5704997400 -7622962175 1184435670 180906625,0.0028140208629838927,0.00014476256870927829,25000,14,26,1422016,18050,325309189,966731,65124,677550,3046868,2009511,38912,23593674,71669564,12573896,124019182,196194956
bc:1944,802022400 -4556248320 9004690000 5704997400 -7622962175 1184435670 180906625,0.0028140208629838927,0.00013448356974767273,25000,14,30,1422016,18050,325309189,966731,59611,677550,3110356,1837742,36102,23969974,71565448,12035794,123802160,195340811
bc:1944,802022400 -4556248320 9004690000 5704997400 -7622962175 1184435670 180906625,0.0010706913419111712,0.0007808437083833846,25000,17,18,1422016,18050,325309189,383527,286119,331271,331271,9019955,209962,26539222,95862130,51423684,188686892,301895279
bc:1944,802022400 -4556248320 9004690000 5704997400 -7622962175 1184435670 180906625,0.0010706913419111712,0.0002436896998912742,25000,17,22,1422016,18050,325309189,383527,105297,331271,1070291,3277962,65800,27159168,54766994,18929414,116466614,183615525
bc:1944,802022400 -4556248320 9004690000 5704997400 -7622962175 1184435670 180906625,0.0010706913419111712,0.00014476256870927829,25000,17,26,1422016,18050,325309189,383527,65124,331271,1401648,2009511,38912,27615640,48484350,12641284,105288034,165167730
bc:1944,802022400 -4556248320 9004690000 5704997400 -7622962175 1184435670 180906625,0.0010706913419111712,0.00013448356974767273,25000,17,30,1422016,18050,325309189,383527,59611,331271,1465136,1837742,36102,27684362,47896180,11865802,103273508,163063315
bc:1944,802022400 -4556248320 9004690000 5704997400 -7622962175 1184435670 180906625,0.000429583368324285,0.0002436896998912742,25000,20,22,1422016,18050,325309189,168212,105297,157543,282524,3277962,65800,31119880,41230788,19432114,107318326,169347070
bc:1944,802022400 -4556248320 9004690000 5704997400 -7622962175 1184435670 180906625,0.000429583368324285,0.00014476256870927829,25000,20,26,1422016,18050,325309189,168212,65124,157543,613881,2009511,38912,31695716,35363766,12307554,95224628,149993041
bc:1944,802022400 -4556248320 9004690000 5704997400 -7622962175 1184435670 180906625,0.000429583368324285,0.00013448356974767273,25000,20,30,1422016,18050,325309189,168212,59611,157543,677369,1837742,36102,36135654,35649288,12678472,101283562,155636930
bc:1944,802022400 -4556248320 9004690000 5704997400 -7622962175 1184435670 180906625,0.00020068563520457875,0.00014476256870927829,25000,23,26,1422016,18050,325309189,90925,65124,87661,230333,2009511,38912,42590056,28961964,13120080,101183670,151448826
bc:1944,802022400 -4556248320 9004690000 5704997400 -7622962175 1184435670 180906625,0.00020068563520457875,0.00013448356974767273,25000,23,30,1422016,18050,325309189,90925,59611,87661,293821,1837742,36102,37501082,28397794,12437846,95886254,142397545
bc:1944,802022400 -4556248320 9004690000 5704997400 -7622962175 1184435670 180906625,0.00014476256870927829,0.00014476256870927829,25000,26,26,1422016,18050,325309189,65124,65124,63488,0,2009511,38912,48485678,24580522,14988448,110383120,142343582
bc:1944,802022400 -4556248320 9004690000 5704997400 -7622962175 1184435670 180906625,0.00014476256870927829,0.00013448356974767273,25000,26,30,1422016,18050,325309189,65124,59611,63488,63488,1837742,36102,40002804,23316026,12079638,92454286,140435602
bc:1944,802022400 -4556248320 9004690000 5704997400 -7622962175 1184435670 180906625,0.008487388302358156,0.0007808437083833846,75000,11,18,11207408,70929,2760265458,23938525,2283025,9630029,41363978,72675801,1783656,112303278,1209203656,415031028,1782811308,2946715689
bc:1944,802022400 -4556248320 9004690000 5704997400 -7622962175 1184435670 180906625,0.008487388302358156,0.0002436896998912742,75000,11,22,11207408,70929,2760265458,23938525,757994,9630029,47144923,24152798,557568,142068902,881884368,155351814,1232050274,1879561298
bc:1944,802022400 -4556248320 9004690000 5704997400 -7622962175 1184435670 180906625,0.008487388302358156,0.00014476256870927829,75000,11,26,11207408,70929,2760265458,23938525,451564,9630029,49503252,14336621,330974,129509322,796286262,94834032,1072812250,1712157885
bc:1944,802022400 -4556248320 9004690000 5704997400 -7622962175 1184435670 180906625,0.008487388302358156,0.00013448356974767273,75000,11,30,11207408,70929,2760265458,23938525,415910,9630029,49945472,13208848,307538,120397706,780521638,86998336,1038686524,1689371786
bc:1944,802022400 -4556248320 9004690000 5704997400 -7622962175 1184435670 180906625,0.0028140208629838927,0.0007808437083833846,75000,14,18,11207408,70929,2760265458,8020911,2283025,5652805,16337364,72675801,1783656,144074970,1053679800,415086602,1664061230,2764120804
bc:1944,802022400 -4556248320 9004690000 5704997400 -7622962175 1184435670 180906625,0.0028140208629838927,0.0002436896998912742,75000,14,22,11207408,70929,2760265458,8020911,757994,5652805,22118309,24152798,557568,148198178,690283036,145462022,1032684236,1656807080
bc:1944,802022400 -4556248320 9004690000 5704997400 -7622962175 1184435670 180906625,0.0028140208629838927,0.00014476256870927829,75000,14,26,11207408,70929,2760265458,8020911,451564,5652805,24476638,14336621,330974,152712966,640731486,92071344,934862710,1511831517
bc:1944,802022400 -4556248320 9004690000 5704997400 -7622962175 1184435670 180906625,0.0028140208629838927,0.00013448356974767273,75000,14,30,11207408,70929,2760265458,8020911,415910,5652805,24918858,13208848,307538,146812346,634199924,85242740,915869326,1493645752
bc:1944,802022400 -4556248320 9004690000 5704997400 -7622962175 1184435670 180906625,0.0010706913419111712,0.0007808437083833846,75000,17,18,11207408,70929,2760265458,3102653,2283025,2693645,2693645,72675801,1783656,173831636,824725476,420852690,1465320686,2393356235
bc:1944,802022400 -4556248320 9004690000 5704997400 -7622962175 1184435670 180906625,0.0010706913419111712,0.0002436896998912742,75000,17,22,11207408,70929,2760265458,3102653,757994,2693645,8474590,24152798,557568,176697116,459489870,146261202,830984292,1335111696
bc:1944,802022400 -4556248320 9004690000 5704997400 -7622962175 1184435670 180906625,0.0010706913419111712,0.00014476256870927829,75000,17,26,11207408,70929,2760265458,3102653,451564,2693645,10832919,14336621,330974,180688472,410293270,91898398,731596920,1179281757
bc:1944,802022400 -4556248320 9004690000 5704997400 -7622962175 1184435670 180906625,0.0010706913419111712,0.00013448356974767273,75000,17,30,11207408,70929,2760265458,3102653,415910,2693645,11275139,13208848,307538,180235370,408480080,85473284,724073612,1167338828
bc:1944,802022400 -4556248320 9004690000 5704997400 -7622962175 1184435670 180906625,0.000429583368324285,0.0002436896998912742,75000,20,22,11207408,70929,2760265458,1286504,757994,1212384,2150322,24152798,557568,201371110,330314512,141607830,720611250,1178738742
bc:1944,802022400 -4556248320 9004690000 5704997400 -7622962175 1184435670 180906625,0.000429583368324285,0.00014476256870927829,75000,20,26,11207408,70929,2760265458,1286504,451564,1212384,4508651,14336621,330974,202865042,286990024,88948358,627094898,1023448746
bc:1944,802022400 -4556248320 9004690000 5704997400 -7622962175 1184435670 180906625,0.000429583368324285,0.00013448356974767273,75000,20,30,11207408,70929,2760265458,1286504,415910,1212384,4950871,13208848,307538,213528454,288908612,85124144,637908922,1019566451
bc:1944,802022400 -4556248320 9004690000 5704997400 -7622962175 1184435670 180906625,0.00020068563520457875,0.00014476256870927829,75000,23,26,11207408,70929,2760265458,635889,451564,617469,1626395,14336621,330974,239392296,221164270,91319956,600914012,959782352
bc:1944,802022400 -4556248320 9004690000 5704997400 -7622962175 1184435670 180906625,0.00020068563520457875,0.00013448356974767273,75000,23,30,11207408,70929,2760265458,635889,415910,617469,2068615,13208848,307538,236910222,218379072,85122632,588962272,941293794
bc:1944,802022400 -4556248320 9004690000 5704997400 -7622962175 1184435670 180906625,0.00014476256870927829,0.00014476256870927829,75000,26,26,11207408,70929,2760265458,451564,451564,442220,0,14336621,330974,279667966,177360954,96107070,605498232,910411541
bc:1944,802022400 -4556248320 9004690000 5704997400 -7622962175 1184435670 180906625,0.00014476256870927829,0.00013448356974767273,75000,26,30,11207408,70929,2760265458,451564,415910,442220,442220,13208848,307538,270098474,182958498,86734658,589987066,930777075
bc:1944,802022400 -4556248320 9004690000 5704997400 -7622962175 1184435670 180906625,0.008487388302358156,0.0007808437083833846,150000,11,18,42688848,215573,10723443180,92620747,8704028,37340140,159897283,277681622,6923480,421815278,4955093366,2123319742,7614112684,12571950264
bc:1944,802022400 -4556248320 9004690000 5704997400 -7622962175 1184435670 180906625,0.008487388302358156,0.0002436896998912742,150000,11,22,42688848,215573,10723443180,92620747,2806460,37340140,181821183,90060862,2165042,478572672,3586427270,772383836,4964570658,7644856548
bc:1944,802022400 -4556248320 9004690000 5704997400 -7622962175 1184435670 180906625,0.008487388302358156,0.00014476256870927829,150000,11,26,42688848,215573,10723443180,92620747,1648712,37340140,190514629,52854641,1283689,452465368,3249572850,457439194,4282969562,6929022515
bc:1944,802022400 -4556248320 9004690000 5704997400 -7622962175 1184435670 180906625,0.008487388302358156,0.00013448356974767273,150000,11,30,42688848,215573,10723443180,92620747,1520245,37340140,192131763,48753106,1192928,588538304,4245233492,560082946,5549118776,6866201047
bc:1944,802022400 -4556248320 9004690000 5704997400 -7622962175 1184435670 180906625,0.0028140208629838927,0.0007808437083833846,150000,14,18,42688848,215573,10723443180,30910478,8704028,21833366,62941075,277681622,6923480,531010870,4282335642,2114873156,7041579736,11644378183
bc:1944,802022400 -4556248320 9004690000 5704997400 -7622962175 1184435670 180906625,0.0028140208629838927,0.0002436896998912742,150000,14,22,42688848,215573,10723443180,30910478,2806460,21833366,84864975,90060862,2165042,546984364,2812773978,735142734,4213715136,6716091713
bc:1944,802022400 -4556248320 9004690000 5704997400 -7622962175 1184435670 180906625,0.0028140208629838927,0.00014476256870927829,150000,14,26,42688848,215573,10723443180,30910478,1648712,21833366,93558421,52854641,1283689,697876622,3096690454,535783550,4473095742,6072186050
bc:1944,802022400 -4556248320 9004690000 5704997400 -7622962175 1184435670 180906625,0.0028140208629838927,0.00013448356974767273,150000,14,30,42688848,215573,10723443180,30910478,1520245,21833366,95175555,48753106,1192928,579809246,2640257566,429905662,3771076194,6003837565
bc:1944,802022400 -4556248320 9004690000 5704997400 -7622962175 1184435670 180906625,0.0010706913419111712,0.0007808437083833846,150000,17,18,42688848,215573,10723443180,11874121,8704028,10329611,10329611,277681622,6923480,630287564,3286961028,2120398454,6148046360,10102204505
bc:1944,802022400 -4556248320 9004690000 5704997400 -7622962175 1184435670 180906625,0.0010706913419111712,0.0002436896998912742,150000,17,22,42688848,215573,10723443180,11874121,2806460,10329611,32253511,90060862,2165042,633954472,1802524758,707696266,3257000522,5312437409
bc:1944,802022400 -4556248320 9004690000 5704997400 -7622962175 1184435670 180906625,0.0010706913419111712,0.00014476256870927829,150000,17,26,42688848,215573,10723443180,11874121,1648712,10329611,40946957,52854641,1283689,675584908,1660070198,451748194,2908168354,4625941179
bc:1944,802022400 -4556248320 9004690000 5704997400 -7622962175 1184435670 180906625,0.0010706913419111712,0.00013448356974767273,150000,17,30,42688848,215573,10723443180,11874121,1520245,10329611,42564091,48753106,1192928,653970784,1625906852,414178456,2810215832,4547124652
bc:1944,802022400 -4556248320 9004690000 5704997400 -7622962175 1184435670 180906625,0.000429583368324285,0.0002436896998912742,150000,20,22,42688848,215573,10723443180,4847544,2806460,4576670,8089987,90060862,2165042,747585694,1291694034,703361544,2860466188,4680276337
bc:1944,802022400 -4556248320 9004690000 5704997400 -7622962175 1184435670 180906625,0.000429583368324285,0.00014476256870927829,150000,20,26,42688848,215573,10723443180,4847544,1648712,4576670,16783433,52854641,1283689,766032224,1138106706,438359402,2459545898,3976710977
bc:1944,802022400 -4556248320 9004690000 5704997400 -7622962175 1184435670 180906625,0.000429583368324285,0.00013448356974767273,150000,20,30,42688848,215573,10723443180,4847544,1520245,4576670,18400567,48753106,1192928,748760500,1112046268,403673284,2379764730,3902437715
bc:1944,802022400 -4556248320 9004690000 5704997400 -7622962175 1184435670 180906625,0.00020068563520457875,0.00014476256870927829,150000,23,26,42688848,215573,10723443180,2332474,1648712,2269105,5978770,52854641,1283689,862581444,855336832,436720228,2275536184,3675788561
bc:1944,802022400 -4556248320 9004690000 5704997400 -7622962175 1184435670 180906625,0.00020068563520457875,0.00013448356974767273,150000,23,30,42688848,215573,10723443180,2332474,1520245,2269105,7595904,48753106,1192928,857084106,848670764,409998970,2230357704,3582911342
bc:1944,802022400 -4556248320 9004690000 5704997400 -7622962175 1184435670 180906625,0.00014476256870927829,0.00014476256870927829,150000,26,26,42688848,215573,10723443180,1648712,1648712,1617134,0,52854641,1283689,958826866,657993428,444379984,2180036466,3464621947
bc:1944,802022400 -4556248320 9004690000 5704997400 -7622962175 1184435670 180906625,0.00014476256870927829,0.00013448356974767273,150000,26,30,42688848,215573,10723443180,1648712,1520245,1617134,1617134,48753106,1192928,942206192,697235440,406933706,2159689052,3481249919
